PassengerId,Survived,fSex,fEmbarked,Pclass,Age,SibSp,Parch,Fare,name_title,name_word_length,name_char_length,cabin_first_letter,ticket_category
1,0,male,S,3,22,1,0,7.25,Mr.,3,16,n,A/5
2,1,female,C,1,38,1,0,71.2833,Mrs.,4,18,C,PC
3,1,female,S,3,26,0,0,7.925,Miss.,2,14,n,STON/O2
4,1,female,S,1,35,1,0,53.1,Mrs.,4,20,C,digit
5,0,male,S,3,35,0,0,8.05,Mr.,3,17,n,digit
6,0,male,Q,3,34,0,0,8.4583,Mr.,2,10,n,digit
7,0,male,S,1,54,0,0,51.8625,Mr.,3,16,E,digit
8,0,male,S,3,2,3,1,21.075,Master.,3,19,n,digit
9,1,female,S,3,27,0,2,11.1333,Mrs.,4,13,n,digit
10,1,female,C,2,14,1,0,30.0708,Mrs.,3,14,n,digit
11,1,female,S,3,4,1,1,16.7,Miss.,3,22,o,other
12,1,female,S,1,58,0,0,26.55,Miss.,2,16,C,digit
13,0,male,S,3,20,0,0,8.05,Mr.,3,23,n,A/5
14,0,male,S,3,39,1,5,31.275,Mr.,3,20,n,digit
15,0,female,S,3,14,0,0,7.8542,Miss.,4,26,n,digit
16,1,female,S,2,55,0,0,16,Mrs.,3,7,n,digit
17,0,male,Q,3,2,4,1,29.125,Master.,2,10,n,digit
18,1,male,S,2,63,0,0,13,Mr.,3,21,n,digit
19,0,female,S,3,31,1,0,18,Mrs.,4,18,n,digit
20,1,female,C,3,24,0,0,7.225,Mrs.,2,16,n,digit
21,0,male,S,2,35,0,0,26,Mr.,3,13,n,digit
22,1,male,S,2,34,0,0,13,Mr.,2,15,D,digit
23,1,female,Q,3,15,0,0,8.0292,Miss.,3,18,n,digit
24,1,male,S,1,28,0,0,35.5,Mr.,3,21,o,digit
25,0,female,S,3,8,3,1,21.075,Miss.,3,20,n,digit
26,1,female,S,3,38,1,5,31.3875,Mrs.,4,16,n,digit
27,0,male,C,3,39,0,0,7.225,Mr.,3,16,n,digit
28,0,male,S,1,19,3,2,263,Mr.,3,23,C,digit
29,1,female,Q,3,13,0,0,7.8792,Miss.,3,20,n,digit
30,0,male,S,3,35,0,0,7.8958,Mr.,2,13,n,digit
31,0,male,C,1,40,0,0,27.7208,Nobility,3,16,n,PC
32,1,female,C,1,51,1,0,146.5208,Mrs.,4,22,B,PC
33,1,female,Q,3,13,0,0,7.75,Miss.,3,15,n,digit
34,0,male,S,2,66,0,0,10.5,Mr.,3,14,n,CA
35,0,male,C,1,28,1,0,82.1708,Mr.,3,16,n,PC
36,0,male,S,1,42,1,0,52,Mr.,3,23,n,digit
37,1,male,C,3,24,0,0,7.2292,Mr.,2,10,n,digit
38,0,male,S,3,21,0,0,8.05,Mr.,3,17,n,A/5
39,0,female,S,3,18,2,0,18,Miss.,4,24,n,digit
40,1,female,C,3,14,1,0,11.2417,Miss.,2,19,n,digit
41,0,female,S,3,40,1,0,9.475,Mrs.,3,10,n,digit
42,0,female,S,2,27,1,0,21,Mrs.,5,23,n,digit
43,0,male,C,3,29,0,0,7.8958,Mr.,2,13,n,digit
44,1,female,C,2,3,1,2,41.5792,Miss.,5,29,n,other
45,1,female,Q,3,19,0,0,7.8792,Miss.,3,20,n,digit
46,0,male,S,3,28,0,0,8.05,Mr.,3,17,n,other
47,0,male,Q,3,49,1,0,15.5,Mr.,2,11,n,digit
48,1,female,Q,3,50,0,0,7.75,Miss.,2,17,n,digit
49,0,male,C,3,19,2,0,21.6792,Mr.,2,13,n,digit
50,0,female,S,3,18,1,0,17.8,Mrs.,3,19,n,digit
51,0,male,S,3,7,4,1,39.6875,Master.,3,15,n,digit
52,0,male,S,3,21,0,0,7.8,Mr.,3,21,n,A/4
53,1,female,C,1,49,1,0,76.7292,Mrs.,4,18,D,PC
54,1,female,S,2,29,1,0,26,Mrs.,3,16,n,digit
55,0,male,C,1,65,0,1,61.9792,Mr.,3,23,B,digit
56,1,male,S,1,42,0,0,35.5,Mr.,2,11,C,digit
57,1,female,S,2,21,0,0,10.5,Miss.,2,9,n,CA
58,0,male,C,3,28.5,0,0,7.2292,Mr.,2,13,n,digit
59,1,female,S,2,5,1,2,27.75,Miss.,3,19,n,CA
60,0,male,S,3,11,5,2,46.9,Master.,3,23,n,CA
61,0,male,C,3,22,0,0,7.2292,Mr.,2,15,n,digit
62,1,female,S,1,38,0,0,80,Miss.,2,11,B,digit
63,0,male,S,1,45,1,0,83.475,Mr.,3,20,C,digit
64,0,male,S,3,4,3,2,27.9,Master.,2,11,n,digit
65,0,male,C,1,46,0,0,27.7208,Mr.,3,14,n,PC
66,1,male,C,3,13,1,1,15.2458,Master.,2,14,n,digit
67,1,female,S,2,29,0,0,10.5,Mrs.,2,3,o,CA
68,0,male,S,3,19,0,0,8.1583,Mr.,3,17,n,other
69,1,female,S,3,17,4,2,7.925,Miss.,3,22,n,digit
70,0,male,S,3,26,2,0,8.6625,Mr.,2,11,n,digit
71,0,male,S,2,32,0,0,10.5,Mr.,3,19,n,CA
72,0,female,S,3,16,5,2,46.9,Miss.,3,17,n,CA
73,0,male,S,2,21,0,0,73.5,Mr.,3,13,n,SOC
74,0,male,C,3,26,1,0,14.4542,Mr.,2,21,n,digit
75,1,male,S,3,32,0,0,56.4958,Mr.,2,7,n,digit
76,0,male,S,3,25,0,0,7.65,Mr.,3,16,o,digit
77,0,male,S,3,45,0,0,7.8958,Mr.,2,11,n,digit
78,0,male,S,3,28,0,0,8.05,Mr.,3,17,n,digit
79,1,male,S,2,0.83,0,2,29,Master.,3,18,n,digit
80,1,female,S,3,30,0,0,12.475,Miss.,2,16,n,digit
81,0,male,S,3,22,0,0,9,Mr.,2,14,n,digit
82,1,male,S,3,29,0,0,9.5,Mr.,3,20,n,digit
83,1,female,Q,3,4,0,0,7.7875,Miss.,3,21,n,digit
84,0,male,S,1,28,0,0,47.1,Mr.,3,16,n,digit
85,1,female,S,2,17,0,0,10.5,Miss.,2,11,n,other
86,1,female,S,3,33,3,0,15.85,Mrs.,4,19,n,digit
87,0,male,S,3,16,1,3,34.375,Mr.,3,15,n,W/C
88,0,male,S,3,24,0,0,8.05,Mr.,3,22,n,SOTON/OQ
89,1,female,S,1,23,3,2,263,Miss.,3,17,C,digit
90,0,male,S,3,24,0,0,8.05,Mr.,2,16,n,digit
91,0,male,S,3,29,0,0,8.05,Mr.,2,14,n,digit
92,0,male,S,3,20,0,0,7.8542,Mr.,3,19,n,digit
93,0,male,S,1,46,1,0,61.175,Mr.,3,20,E,other
94,0,male,S,3,26,1,2,20.575,Mr.,3,16,n,CA
95,0,male,S,3,59,0,0,7.25,Mr.,2,11,n,digit
96,0,male,S,3,30,0,0,8.05,Mr.,3,20,n,digit
97,0,male,C,1,71,0,0,34.6542,Mr.,3,18,o,PC
98,1,male,C,1,23,0,1,63.3583,Mr.,3,24,D,PC
99,1,female,S,2,34,0,1,23,Mrs.,4,11,n,digit
100,0,male,S,2,34,1,0,26,Mr.,2,11,n,digit
101,0,female,S,3,28,0,0,7.8958,Miss.,2,15,n,digit
102,0,male,S,3,36,0,0,7.8958,Mr.,3,14,n,digit
103,0,male,S,1,21,0,1,77.2875,Mr.,3,18,D,digit
104,0,male,S,3,33,0,0,8.6542,Mr.,3,19,n,digit
105,0,male,S,3,37,2,0,7.925,Mr.,3,23,n,digit
106,0,male,S,3,28,0,0,7.8958,Mr.,2,15,n,digit
107,1,female,S,3,21,0,0,7.65,Miss.,3,23,n,digit
108,1,male,S,3,32,0,0,7.775,Mr.,3,15,n,digit
109,0,male,S,3,38,0,0,7.8958,Mr.,2,9,n,digit
110,1,female,Q,3,35,1,0,24.15,Miss.,2,11,n,digit
111,0,male,S,1,47,0,0,52,Mr.,3,23,C,digit
112,0,female,C,3,14.5,1,0,14.4542,Miss.,2,12,n,digit
113,0,male,S,3,22,0,0,8.05,Mr.,3,15,n,digit
114,0,female,S,3,20,1,0,9.825,Miss.,2,15,n,digit
115,0,female,C,3,17,0,0,14.4583,Miss.,2,13,n,digit
116,0,male,S,3,21,0,0,7.925,Mr.,2,15,n,STON/O 2
117,0,male,Q,3,70.5,0,0,7.75,Mr.,2,14,n,digit
118,0,male,S,2,29,1,0,21,Mr.,4,23,n,digit
119,0,male,C,1,24,0,1,247.5208,Mr.,3,17,B,PC
120,0,female,S,3,2,4,2,31.275,Miss.,4,23,n,digit
121,0,male,S,2,21,2,0,73.5,Mr.,3,20,n,SOC
122,0,male,S,3,28,0,0,8.05,Mr.,3,19,n,other
123,0,male,C,2,32.5,1,0,30.0708,Mr.,2,14,n,digit
124,1,female,S,2,32.5,0,0,13,Miss.,2,11,E,digit
125,0,male,S,1,54,0,1,77.2875,Mr.,3,20,D,digit
126,1,male,C,3,12,1,0,11.2417,Master.,2,18,n,digit
127,0,male,Q,3,54,0,0,7.75,Mr.,2,13,n,digit
128,1,male,S,3,24,0,0,7.1417,Mr.,3,18,n,C
129,1,female,C,3,5,1,1,22.3583,Miss.,2,9,o,digit
130,0,male,S,3,45,0,0,6.975,Mr.,2,12,n,digit
131,0,male,C,3,33,0,0,7.8958,Mr.,2,14,n,digit
132,0,male,S,3,20,0,0,7.05,Mr.,3,23,n,SOTON/OQ
133,0,female,S,3,47,1,0,14.5,Mrs.,4,16,n,A/5
134,1,female,S,2,29,1,0,26,Mrs.,3,12,n,digit
135,0,male,S,2,25,0,0,13,Mr.,4,22,n,CA
136,0,male,C,2,23,0,0,15.0458,Mr.,2,12,n,SC/PARIS
137,1,female,S,1,19,0,2,26.2833,Miss.,3,19,D,digit
138,0,male,S,1,37,1,0,53.1,Mr.,3,20,C,digit
139,0,male,S,3,16,0,0,9.2167,Mr.,3,12,n,digit
140,0,male,C,1,24,0,0,79.2,Mr.,2,12,B,PC
141,0,female,C,3,16,0,2,15.2458,Mrs.,3,12,n,digit
142,1,female,S,3,22,0,0,7.75,Miss.,3,15,n,digit
143,1,female,S,3,24,1,0,15.85,Mrs.,4,23,n,STON/O2
144,0,male,Q,3,19,0,0,6.75,Mr.,2,13,n,digit
145,0,male,S,2,18,0,0,11.5,Mr.,3,19,n,digit
146,0,male,S,2,19,1,1,36.75,Mr.,3,21,n,CA
147,1,male,S,3,27,0,0,7.7958,Mr.,4,21,n,digit
148,0,female,S,3,9,2,2,34.375,Miss.,4,22,n,W/C
149,0,male,S,2,36.5,0,2,26,Mr.,3,14,o,digit
150,0,male,S,2,42,0,0,13,Rev.,4,24,n,digit
151,0,male,S,2,51,0,0,12.525,Rev.,3,18,n,other
152,1,female,S,1,22,1,0,66.6,Mrs.,3,11,C,digit
153,0,male,S,3,55.5,0,0,8.05,Mr.,2,10,n,other
154,0,male,S,3,40.5,0,2,14.5,Mr.,4,23,n,A/5
155,0,male,S,3,25,0,0,7.3125,Mr.,3,14,n,other
156,0,male,C,1,51,0,1,61.3792,Mr.,3,20,n,PC
157,1,female,Q,3,16,0,0,7.7333,Miss.,3,23,n,digit
158,0,male,S,3,30,0,0,8.05,Mr.,2,9,n,SOTON/OQ
159,0,male,S,3,43,0,0,8.6625,Mr.,2,13,n,digit
160,0,male,S,3,3,8,2,69.55,Master.,3,15,n,CA
161,0,male,S,3,44,0,1,16.1,Mr.,3,17,n,digit
162,1,female,S,2,40,0,0,15.75,Mrs.,3,9,n,CA
163,0,male,S,3,26,0,0,7.775,Mr.,3,19,n,digit
164,0,male,S,3,17,0,0,8.6625,Mr.,2,9,n,digit
165,0,male,S,3,1,4,1,39.6875,Master.,3,17,n,digit
166,1,male,S,3,9,0,2,20.525,Master.,5,34,n,digit
167,1,female,S,1,44,0,1,55,Mrs.,2,8,E,digit
168,0,female,S,3,45,1,4,27.9,Mrs.,3,12,n,digit
169,0,male,S,1,17,0,0,25.925,Mr.,3,12,n,PC
170,0,male,S,3,28,0,0,56.4958,Mr.,2,7,n,digit
171,0,male,S,1,61,0,0,33.5,Mr.,4,17,B,digit
172,0,male,Q,3,4,4,1,29.125,Master.,2,10,n,digit
173,1,female,S,3,1,1,1,11.1333,Miss.,3,19,n,digit
174,0,male,S,3,21,0,0,7.925,Mr.,3,18,n,STON/O 2
175,0,male,C,1,56,0,0,30.6958,Mr.,3,16,o,digit
176,0,male,S,3,18,1,1,7.8542,Mr.,3,15,n,digit
177,0,male,S,3,12,3,1,25.4667,Master.,3,18,n,digit
178,0,female,C,1,50,0,0,28.7125,Miss.,3,17,C,PC
179,0,male,S,2,30,0,0,13,Mr.,2,12,n,digit
180,0,male,S,3,36,0,0,0,Mr.,2,13,n,other
181,0,female,S,3,1,8,2,69.55,Miss.,3,19,n,CA
182,0,male,C,2,49,0,0,15.05,Mr.,2,10,n,SC/PARIS
183,0,male,S,3,9,4,2,31.3875,Master.,4,25,n,digit
184,1,male,S,2,1,2,1,39,Master.,3,14,o,digit
185,1,female,S,3,4,0,2,22.025,Miss.,3,26,n,digit
186,0,male,S,1,71,0,0,50,Mr.,3,14,o,digit
187,1,female,Q,3,31,1,0,15.5,Mrs.,3,13,n,digit
188,1,male,S,1,45,0,0,26.55,Mr.,4,21,n,digit
189,0,male,Q,3,40,1,1,15.5,Mr.,2,10,n,digit
190,0,male,S,3,36,0,0,7.8958,Mr.,2,13,n,digit
191,1,female,S,2,32,0,0,13,Mrs.,2,6,n,digit
192,0,male,S,2,19,0,0,13,Mr.,2,15,n,digit
193,1,female,S,3,19,1,0,7.8542,Miss.,4,37,n,digit
194,1,male,S,2,3,1,1,26,Master.,3,15,o,digit
195,1,female,C,1,44,0,0,27.7208,Mrs.,4,16,B,PC
196,1,female,C,1,58,0,0,146.5208,Miss.,2,12,B,PC
197,0,male,Q,3,44,0,0,7.75,Mr.,2,13,n,digit
198,0,male,S,3,42,0,1,8.4042,Mr.,4,24,n,digit
199,1,female,Q,3,35,0,0,7.75,Miss.,3,23,n,digit
200,0,female,S,2,24,0,0,13,Miss.,3,14,n,digit
201,0,male,S,3,28,0,0,9.5,Mr.,4,22,n,digit
202,0,male,S,3,30,8,2,69.55,Mr.,2,13,n,CA
203,0,male,S,3,34,0,0,6.4958,Mr.,3,19,n,digit
204,0,male,C,3,45.5,0,0,7.225,Mr.,2,14,n,digit
205,1,male,S,3,18,0,0,8.05,Mr.,3,17,n,A/5
206,0,female,S,3,2,0,1,10.4625,Miss.,3,17,o,digit
207,0,male,S,3,32,1,0,15.85,Mr.,3,19,n,digit
208,1,male,C,3,26,0,0,18.7875,Mr.,3,20,n,digit
209,1,female,Q,3,16,0,0,7.75,Miss.,3,16,n,digit
210,1,male,C,1,40,0,0,31,Mr.,2,10,o,digit
211,0,male,S,3,24,0,0,7.05,Mr.,2,8,n,SOTON/OQ
212,1,female,S,2,35,0,0,21,Miss.,3,17,n,FCC
213,0,male,S,3,22,0,0,7.25,Mr.,3,15,n,A/5
214,0,male,S,2,30,0,0,13,Mr.,3,20,n,digit
215,0,male,Q,3,63,1,0,7.75,Mr.,2,13,n,digit
216,1,female,C,1,31,1,0,113.275,Miss.,2,15,D,digit
217,1,female,S,3,27,0,0,7.925,Miss.,2,14,n,STON/O2
218,0,male,S,2,42,1,0,27,Mr.,3,21,n,digit
219,1,female,C,1,32,0,0,76.2917,Miss.,2,13,D,digit
220,0,male,S,2,30,0,0,10.5,Mr.,2,12,n,W/C
221,1,male,S,3,16,0,0,8.05,Mr.,3,23,n,SOTON/OQ
222,0,male,S,2,27,0,0,13,Mr.,3,13,n,digit
223,0,male,S,3,51,0,0,8.05,Mr.,3,16,n,digit
224,0,male,S,3,35,0,0,7.8958,Mr.,2,14,n,digit
225,1,male,S,1,38,1,0,90,Mr.,3,21,C,digit
226,0,male,S,3,22,0,0,9.35,Mr.,4,20,n,other
227,1,male,S,2,19,0,0,10.5,Mr.,3,18,n,other
228,0,male,S,3,20.5,0,0,7.25,Mr.,4,14,n,A/5
229,0,male,S,2,18,0,0,13,Mr.,3,18,n,digit
230,0,female,S,3,23,3,1,25.4667,Miss.,2,15,n,digit
231,1,female,S,1,35,1,0,83.475,Mrs.,4,20,C,digit
232,0,male,S,3,29,0,0,7.775,Mr.,3,17,n,digit
233,0,male,S,2,59,0,0,13.5,Mr.,3,18,n,digit
234,1,female,S,3,5,4,2,31.3875,Miss.,3,21,n,digit
235,0,male,S,2,24,0,0,10.5,Mr.,4,25,n,CA
236,0,female,S,3,20,0,0,7.55,Miss.,3,19,n,W/C
237,0,male,S,2,44,1,0,26,Mr.,2,11,n,digit
238,1,female,S,2,8,0,2,26.25,Miss.,3,23,n,CA
239,0,male,S,2,19,0,0,10.5,Mr.,3,24,n,digit
240,0,male,S,2,33,0,0,12.275,Mr.,3,15,n,other
241,0,female,C,3,26,1,0,14.4542,Miss.,2,13,n,digit
242,1,female,Q,3,19,1,0,15.5,Miss.,3,21,n,digit
243,0,male,S,2,29,0,0,10.5,Mr.,3,24,n,W/C
244,0,male,S,3,22,0,0,7.125,Mr.,3,22,n,STON/O 2
245,0,male,C,3,30,0,0,7.225,Mr.,2,14,n,digit
246,0,male,Q,1,44,2,0,90,Dr.,3,20,C,digit
247,0,female,S,3,25,0,0,7.775,Miss.,4,27,n,digit
248,1,female,S,2,24,0,2,14.5,Mrs.,3,17,n,digit
249,1,male,S,1,37,1,1,52.5542,Mr.,3,22,D,digit
250,0,male,S,2,54,1,0,26,Rev.,3,21,n,digit
251,0,male,S,3,30,0,0,7.25,Mr.,3,15,n,digit
252,0,female,S,3,29,1,1,10.4625,Mrs.,3,12,o,digit
253,0,male,S,1,62,0,0,26.55,Mr.,3,18,C,digit
254,0,male,S,3,30,1,0,16.1,Mr.,3,17,n,A/5
255,0,female,S,3,41,0,2,20.2125,Mrs.,3,13,n,digit
256,1,female,C,3,29,0,2,15.2458,Mrs.,3,11,n,digit
257,1,female,C,1,65,0,0,79.2,Mrs.,3,22,n,PC
258,1,female,S,1,30,0,0,86.5,Miss.,2,12,B,digit
259,1,female,C,1,35,0,0,512.3292,Miss.,2,8,n,PC
260,1,female,S,2,50,0,1,26,Mrs.,2,7,n,digit
261,0,male,Q,3,46,0,0,7.75,Mr.,2,11,n,digit
262,1,male,S,3,3,4,2,31.3875,Master.,4,21,n,digit
263,0,male,S,1,52,1,1,79.65,Mr.,2,11,E,digit
264,0,male,S,1,40,0,0,0,Mr.,2,15,B,digit
265,0,female,Q,3,19,0,0,7.75,Miss.,2,10,n,digit
266,0,male,S,2,36,0,0,10.5,Mr.,2,11,n,CA
267,0,male,S,3,16,4,1,39.6875,Mr.,3,18,n,digit
268,1,male,S,3,25,1,0,7.775,Mr.,3,17,n,digit
269,1,female,S,1,58,0,1,153.4625,Mrs.,4,21,C,PC
270,1,female,S,1,35,0,0,135.6333,Miss.,2,14,C,PC
271,0,male,S,1,36,0,0,31,Mr.,2,15,n,digit
272,1,male,S,3,25,0,0,0,Mr.,3,21,n,other
273,1,female,S,2,41,0,1,19.5,Mrs.,2,9,n,digit
274,0,male,C,1,37,0,1,29.7,Mr.,3,14,C,PC
275,1,female,Q,3,4,0,0,7.75,Miss.,3,17,n,digit
276,1,female,S,1,63,1,0,77.9583,Miss.,3,24,D,digit
277,0,female,S,3,45,0,0,7.75,Miss.,3,24,n,digit
278,0,male,S,2,26,0,0,0,Mr.,3,20,n,digit
279,0,male,Q,3,7,4,1,29.125,Master.,2,8,n,digit
280,1,female,S,3,35,1,1,20.25,Mrs.,3,13,n,CA
281,0,male,Q,3,65,0,0,7.75,Mr.,2,10,n,digit
282,0,male,S,3,28,0,0,7.8542,Mr.,4,24,n,digit
283,0,male,S,3,16,0,0,9.5,Mr.,3,18,n,digit
284,1,male,S,3,19,0,0,8.05,Mr.,3,19,n,A/5
285,0,male,S,1,24,0,0,26,Mr.,3,19,o,digit
286,0,male,C,3,33,0,0,8.6625,Mr.,2,13,n,digit
287,1,male,S,3,30,0,0,9.5,Mr.,3,16,n,digit
288,0,male,S,3,22,0,0,7.8958,Mr.,2,14,n,digit
289,1,male,S,2,42,0,0,13,Mr.,2,14,n,digit
290,1,female,Q,3,22,0,0,7.75,Miss.,2,12,n,digit
291,1,female,S,1,26,0,0,78.85,Miss.,3,19,n,digit
292,1,female,C,1,19,1,0,91.0792,Mrs.,4,16,B,digit
293,0,male,C,2,36,0,0,12.875,Mr.,3,15,D,other
294,0,female,S,3,24,0,0,8.85,Miss.,2,11,n,digit
295,0,male,S,3,24,0,0,7.8958,Mr.,2,10,n,digit
296,0,male,C,1,46,0,0,27.7208,Mr.,3,10,n,PC
297,0,male,C,3,23.5,0,0,7.2292,Mr.,2,12,n,digit
298,0,female,S,1,2,1,2,151.55,Miss.,3,19,C,digit
299,1,male,S,1,42,0,0,30.5,Mr.,2,15,C,digit
300,1,female,C,1,50,0,1,247.5208,Mrs.,3,11,B,PC
301,1,female,Q,3,21,0,0,7.75,Miss.,5,29,n,digit
302,1,male,Q,3,26,2,0,23.25,Mr.,2,12,n,digit
303,0,male,S,3,19,0,0,0,Mr.,4,23,n,other
304,1,female,Q,2,28,0,0,12.35,Miss.,3,10,E,digit
305,0,male,S,3,27,0,0,8.05,Mr.,4,25,n,A/5
306,1,male,S,1,0.92,1,2,151.55,Master.,3,19,C,digit
307,1,female,C,1,63,0,0,110.8833,Miss.,2,15,n,digit
308,1,female,C,1,17,1,0,108.9,Mrs.,5,32,C,PC
309,0,male,C,2,30,1,0,24,Mr.,2,13,n,other
310,1,female,C,1,30,0,0,56.9292,Miss.,3,21,E,PC
311,1,female,C,1,24,0,0,83.1583,Miss.,3,21,C,digit
312,1,female,C,1,18,2,2,262.375,Miss.,3,17,B,PC
313,0,female,S,2,26,1,1,26,Mrs.,3,15,n,digit
314,0,male,S,3,28,0,0,7.8958,Mr.,2,16,n,digit
315,0,male,S,2,43,1,1,26.25,Mr.,2,12,n,FCC
316,1,female,S,3,26,0,0,7.8542,Miss.,3,22,n,digit
317,1,female,S,2,24,1,0,26,Mrs.,3,11,n,digit
318,0,male,S,2,54,0,0,14,Dr.,2,14,n,digit
319,1,female,S,1,31,0,2,164.8667,Miss.,3,15,C,digit
320,1,female,C,1,40,1,1,134.5,Mrs.,4,21,E,digit
321,0,male,S,3,22,0,0,7.25,Mr.,2,12,n,A/5
322,0,male,S,3,27,0,0,7.8958,Mr.,2,10,n,digit
323,1,female,Q,2,30,0,0,12.35,Miss.,3,16,n,digit
324,1,female,S,2,22,1,1,29,Mrs.,4,21,n,digit
325,0,male,S,3,2,8,2,69.55,Mr.,4,16,n,CA
326,1,female,C,1,36,0,0,135.6333,Miss.,3,15,C,PC
327,0,male,S,3,61,0,0,6.2375,Mr.,3,18,n,digit
328,1,female,S,2,36,0,0,13,Mrs.,2,4,D,digit
329,1,female,S,3,31,1,1,20.525,Mrs.,4,18,n,digit
330,1,female,C,1,16,0,1,57.9792,Miss.,3,19,B,digit
331,1,female,Q,3,2,2,0,23.25,Miss.,2,10,n,digit
332,0,male,S,1,45.5,0,0,28.5,Mr.,2,13,C,digit
333,0,male,S,1,38,0,1,153.4625,Mr.,3,18,C,PC
334,0,male,S,3,16,2,0,18,Mr.,4,23,n,digit
335,1,female,S,1,63,1,0,133.65,Mrs.,4,22,n,PC
336,0,male,S,3,24,0,0,7.8958,Mr.,2,12,n,digit
337,0,male,S,1,29,1,0,66.6,Mr.,3,18,C,digit
338,1,female,C,1,41,0,0,134.5,Miss.,3,22,E,digit
339,1,male,S,3,45,0,0,8.05,Mr.,3,14,n,digit
340,0,male,S,1,45,0,0,35.5,Mr.,3,21,o,digit
341,1,male,S,2,2,1,1,26,Master.,3,19,o,digit
342,1,female,S,1,24,3,2,263,Miss.,3,21,C,digit
343,0,male,S,2,28,0,0,13,Mr.,3,19,n,digit
344,0,male,S,2,25,0,0,13,Mr.,4,34,n,digit
345,0,male,S,2,36,0,0,13,Mr.,3,16,n,digit
346,1,female,S,2,24,0,0,13,Miss.,3,20,o,digit
347,1,female,S,2,40,0,0,13,Miss.,3,16,n,digit
348,1,female,S,3,27,1,0,16.1,Mrs.,4,18,n,digit
349,1,male,S,3,3,1,1,15.9,Master.,4,26,n,CA
350,0,male,S,3,42,0,0,8.6625,Mr.,2,10,n,digit
351,0,male,S,3,23,0,0,9.225,Mr.,3,15,n,digit
352,0,male,S,1,29,0,0,35,Mr.,3,31,C,digit
353,0,male,C,3,15,1,1,7.2292,Mr.,2,12,n,digit
354,0,male,S,3,25,1,0,17.8,Mr.,2,19,n,digit
355,0,male,C,3,25,0,0,7.225,Mr.,2,11,n,digit
356,0,male,S,3,28,0,0,9.5,Mr.,4,19,n,digit
357,1,female,S,1,22,0,1,55,Miss.,3,18,E,digit
358,0,female,S,2,38,0,0,13,Miss.,3,16,n,digit
359,1,female,Q,3,17,0,0,7.8792,Miss.,2,12,n,digit
360,1,female,Q,3,22,0,0,7.8792,Miss.,4,23,n,digit
361,0,male,S,3,40,1,4,27.9,Mr.,2,12,n,digit
362,0,male,C,2,29,1,0,27.7208,Mr.,3,18,n,SC/PARIS
363,0,female,C,3,45,0,1,14.4542,Mrs.,2,7,n,digit
364,0,male,S,3,35,0,0,7.05,Mr.,2,9,n,SOTON/OQ
365,0,male,Q,3,49,1,0,15.5,Mr.,2,13,n,digit
366,0,male,S,3,30,0,0,7.25,Mr.,4,22,n,C
367,1,female,C,1,60,1,0,75.25,Mrs.,4,17,D,digit
368,1,female,C,3,18,0,0,7.2292,Mrs.,2,6,n,digit
369,1,female,Q,3,50,0,0,7.75,Miss.,2,11,n,digit
370,1,female,C,1,24,0,0,69.3,Mrs.,3,21,B,PC
371,1,male,C,1,25,1,0,55.4417,Mr.,3,20,E,digit
372,0,male,S,3,18,1,0,6.4958,Mr.,3,18,n,digit
373,0,male,S,3,19,0,0,8.05,Mr.,3,19,n,digit
374,0,male,C,1,22,0,0,135.6333,Mr.,2,13,n,PC
375,0,female,S,3,3,3,1,21.075,Miss.,3,17,n,digit
376,1,female,C,1,24,1,0,82.1708,Mrs.,4,16,n,PC
377,1,female,S,3,22,0,0,7.25,Miss.,3,22,n,C
378,0,male,C,1,27,0,2,211.5,Mr.,3,18,C,digit
379,0,male,C,3,20,0,0,4.0125,Mr.,2,13,n,digit
380,0,male,S,3,19,0,0,7.775,Mr.,3,20,n,digit
381,1,female,C,1,42,0,0,227.525,Miss.,2,13,n,PC
382,1,female,C,3,1,0,2,15.7417,Miss.,3,10,n,digit
383,0,male,S,3,32,0,0,7.925,Mr.,2,12,n,STON/O 2
384,1,female,S,1,35,1,0,52,Mrs.,4,23,n,digit
385,0,male,S,3,25,0,0,7.8958,Mr.,2,16,n,digit
386,0,male,S,2,18,0,0,73.5,Mr.,3,18,n,SOC
387,0,male,S,3,1,5,2,46.9,Master.,3,20,n,CA
388,1,female,S,2,36,0,0,13,Miss.,2,8,n,digit
389,0,male,Q,3,34,0,0,7.7292,Mr.,2,14,n,digit
390,1,female,C,2,17,0,0,12,Miss.,2,13,n,other
391,1,male,S,1,36,1,2,120,Mr.,3,19,B,digit
392,1,male,S,3,21,0,0,7.7958,Mr.,3,15,n,digit
393,0,male,S,3,28,2,0,7.925,Mr.,3,21,n,digit
394,1,female,C,1,23,1,0,113.275,Miss.,2,14,D,digit
395,1,female,S,3,24,0,2,16.7,Mrs.,3,16,o,other
396,0,male,S,3,22,0,0,7.7958,Mr.,2,13,n,digit
397,0,female,S,3,31,0,0,7.8542,Miss.,2,11,n,digit
398,0,male,S,2,46,0,0,26,Mr.,3,16,n,digit
399,0,male,S,2,23,0,0,10.5,Dr.,2,10,n,digit
400,1,female,S,2,28,0,0,12.65,Mrs.,4,13,n,digit
401,1,male,S,3,39,0,0,7.925,Mr.,2,12,n,STON/O 2
402,0,male,S,3,26,0,0,8.05,Mr.,2,9,n,digit
403,0,female,S,3,21,1,0,9.825,Miss.,3,15,n,digit
404,0,male,S,3,28,1,0,15.85,Mr.,3,23,n,STON/O2
405,0,female,S,3,20,0,0,8.6625,Miss.,2,15,n,digit
406,0,male,S,2,34,1,0,21,Mr.,2,12,n,digit
407,0,male,S,3,51,0,0,7.75,Mr.,3,25,n,digit
408,1,male,S,2,3,1,1,18.75,Master.,3,19,n,digit
409,0,male,S,3,21,0,0,7.775,Mr.,4,25,n,digit
410,0,female,S,3,29,3,1,25.4667,Miss.,2,10,n,digit
411,0,male,S,3,45,0,0,7.8958,Mr.,2,12,n,digit
412,0,male,Q,3,46,0,0,6.8583,Mr.,2,9,n,digit
413,1,female,Q,1,33,1,0,90,Miss.,3,13,C,digit
414,0,male,S,2,24,0,0,0,Mr.,3,23,n,digit
415,1,male,S,3,44,0,0,7.925,Mr.,3,18,n,STON/O 2
416,0,female,S,3,32,0,0,8.05,Mrs.,3,10,n,digit
417,1,female,S,2,34,1,1,32.5,Mrs.,4,15,n,digit
418,1,female,S,2,18,0,2,13,Miss.,3,20,n,digit
419,0,male,S,2,30,0,0,13,Mr.,3,19,n,digit
420,0,female,S,3,10,0,2,24.15,Miss.,3,16,n,digit
421,0,male,C,3,29,0,0,7.8958,Mr.,2,16,n,digit
422,0,male,Q,3,21,0,0,7.7333,Mr.,2,13,n,A/5
423,0,male,S,3,29,0,0,7.875,Mr.,2,12,n,digit
424,0,female,S,3,28,1,1,14.4,Mrs.,4,18,n,digit
425,0,male,S,3,18,1,1,20.2125,Mr.,3,20,n,digit
426,0,male,S,3,35,0,0,7.25,Mr.,2,16,n,A/4
427,1,female,S,2,28,1,0,26,Mrs.,4,14,n,digit
428,1,female,S,2,19,0,0,26,Miss.,4,20,n,digit
429,0,male,Q,3,34,0,0,7.75,Mr.,2,10,n,digit
430,1,male,S,3,32,0,0,8.05,Mr.,3,11,E,SOTON/OQ
431,1,male,S,1,28,0,0,26.55,Mr.,3,34,C,digit
432,1,female,S,3,31,1,0,16.1,Mrs.,3,20,n,digit
433,1,female,S,2,42,1,0,26,Mrs.,4,21,n,other
434,0,male,S,3,17,0,0,7.125,Mr.,3,19,n,STON/O 2
435,0,male,S,1,50,1,0,55.9,Mr.,3,18,E,digit
436,1,female,S,1,14,1,2,120,Miss.,3,16,B,digit
437,0,female,S,3,21,2,2,34.375,Miss.,4,26,n,W/C
438,1,female,S,2,24,2,3,18.75,Mrs.,3,14,n,digit
439,0,male,S,1,64,1,4,263,Mr.,2,11,C,digit
440,0,male,S,2,31,0,0,10.5,Mr.,4,30,n,CA
441,1,female,S,2,45,1,1,26.25,Mrs.,3,12,n,FCC
442,0,male,S,3,20,0,0,9.5,Mr.,2,9,n,digit
443,0,male,S,3,25,1,0,7.775,Mr.,3,18,n,digit
444,1,female,S,2,28,0,0,13,Miss.,2,19,n,digit
445,1,male,S,3,24,0,0,8.1125,Mr.,2,27,n,digit
446,1,male,S,1,4,0,2,81.8583,Master.,2,15,o,digit
447,1,female,S,2,13,0,1,19.5,Miss.,3,24,n,digit
448,1,male,S,1,34,0,0,26.55,Mr.,3,20,n,digit
449,1,female,C,3,5,2,1,19.2583,Miss.,3,21,n,digit
450,1,male,S,1,52,0,0,30.5,Military,3,20,C,digit
451,0,male,S,2,36,1,2,27.75,Mr.,3,14,n,CA
452,0,male,S,3,26,1,0,19.9667,Mr.,4,23,n,digit
453,0,male,C,1,30,0,0,27.75,Mr.,3,24,C,digit
454,1,male,C,1,49,1,0,89.1042,Mr.,3,17,C,digit
455,0,male,S,3,35,0,0,8.05,Mr.,2,13,n,A/5
456,1,male,C,3,29,0,0,7.8958,Mr.,2,12,n,digit
457,0,male,S,1,65,0,0,26.55,Mr.,3,18,E,digit
458,1,female,S,1,51,1,0,51.8625,Mrs.,4,16,D,digit
459,1,female,S,2,50,0,0,10.5,Miss.,2,11,n,FCC
460,0,male,Q,3,46,0,0,7.75,Mr.,2,15,n,digit
461,1,male,S,1,48,0,0,26.55,Mr.,2,13,E,digit
462,0,male,S,3,34,0,0,8.05,Mr.,2,13,n,digit
463,0,male,S,1,47,0,0,38.5,Mr.,3,10,E,digit
464,0,male,S,2,48,0,0,13,Mr.,3,21,n,digit
465,0,male,S,3,25,0,0,8.05,Mr.,2,12,n,other
466,0,male,S,3,38,0,0,7.05,Mr.,3,24,n,SOTON/OQ
467,0,male,S,2,21,0,0,0,Mr.,2,15,n,digit
468,0,male,S,1,56,0,0,26.55,Mr.,3,19,n,digit
469,0,male,Q,3,24,0,0,7.725,Mr.,2,12,n,digit
470,1,female,C,3,0.75,2,1,19.2583,Miss.,3,20,n,digit
471,0,male,S,3,35,0,0,7.25,Mr.,2,11,n,digit
472,0,male,S,3,38,0,0,8.6625,Mr.,2,9,n,digit
473,1,female,S,2,33,1,2,27.75,Mrs.,4,14,n,CA
474,1,female,C,2,23,0,0,13.7917,Mrs.,4,11,D,other
475,0,female,S,3,22,0,0,9.8375,Miss.,3,18,n,digit
476,0,male,S,1,36,0,0,52,Mr.,3,20,o,digit
477,0,male,S,2,34,1,0,21,Mr.,3,16,n,digit
478,0,male,S,3,29,1,0,7.0458,Mr.,3,18,n,digit
479,0,male,S,3,22,0,0,7.5208,Mr.,3,18,n,digit
480,1,female,S,3,2,0,1,12.2875,Miss.,3,15,n,digit
481,0,male,S,3,9,5,2,46.9,Master.,3,19,n,CA
482,0,male,S,2,40,0,0,0,Mr.,4,24,n,digit
483,0,male,S,3,50,0,0,8.05,Mr.,3,17,n,A/5
484,1,female,S,3,63,0,0,9.5875,Mrs.,2,7,n,digit
485,1,male,C,1,25,1,0,91.0792,Mr.,3,16,B,digit
486,0,female,S,3,23,3,1,25.4667,Miss.,2,14,n,digit
487,1,female,S,1,35,1,0,90,Mrs.,4,21,C,digit
488,0,male,C,1,58,0,0,29.7,Mr.,3,16,B,digit
489,0,male,S,3,30,0,0,8.05,Mr.,3,22,n,other
490,1,male,S,3,9,1,1,15.9,Master.,4,25,n,CA
491,0,male,S,3,25,1,0,19.9667,Mr.,4,28,n,digit
492,0,male,S,3,21,0,0,7.25,Mr.,2,13,n,SOTON/OQ
493,0,male,S,1,55,0,0,30.5,Mr.,3,19,C,digit
494,0,male,C,1,71,0,0,49.5042,Mr.,2,17,n,PC
495,0,male,S,3,21,0,0,8.05,Mr.,3,19,n,A/4
496,0,male,C,3,24,0,0,14.4583,Mr.,2,15,n,digit
497,1,female,C,1,54,1,0,78.2667,Miss.,3,21,D,digit
498,0,male,S,3,31,0,0,15.1,Mr.,3,24,n,CA
499,0,female,S,1,25,1,2,151.55,Mrs.,5,15,C,digit
500,0,male,S,3,24,0,0,7.7958,Mr.,2,12,n,digit
501,0,male,S,3,17,0,0,8.6625,Mr.,2,10,n,digit
502,0,female,Q,3,21,0,0,7.75,Miss.,2,11,n,digit
503,0,female,Q,3,50,0,0,7.6292,Miss.,3,21,n,digit
504,0,female,S,3,37,0,0,9.5875,Miss.,3,21,n,digit
505,1,female,S,1,16,0,0,86.5,Miss.,2,13,B,digit
506,0,male,C,1,18,1,0,108.9,Mr.,5,32,C,PC
507,1,female,S,2,33,0,2,26,Mrs.,4,21,n,digit
508,1,male,S,1,33,0,0,26.55,Mr.,3,13,n,digit
509,0,male,S,3,28,0,0,22.525,Mr.,3,17,n,C
510,1,male,S,3,26,0,0,56.4958,Mr.,2,8,n,digit
511,1,male,Q,3,29,0,0,7.75,Mr.,3,17,n,digit
512,0,male,S,3,24,0,0,8.05,Mr.,2,11,n,SOTON/OQ
513,1,male,S,1,36,0,0,26.2875,Mr.,3,18,E,PC
514,1,female,C,1,54,1,0,59.4,Mrs.,3,16,n,PC
515,0,male,S,3,24,0,0,7.4958,Mr.,2,11,n,digit
516,0,male,S,1,47,0,0,34.0208,Mr.,3,21,D,digit
517,1,female,S,2,34,0,0,10.5,Mrs.,2,6,o,CA
518,0,male,Q,3,28,0,0,24.15,Mr.,2,11,n,digit
519,1,female,S,2,36,1,0,26,Mrs.,4,13,n,digit
520,0,male,S,3,32,0,0,7.8958,Mr.,2,13,n,digit
521,1,female,S,1,30,0,0,93.5,Miss.,2,13,B,digit
522,0,male,S,3,22,0,0,7.8958,Mr.,2,9,n,digit
523,0,male,C,3,29,0,0,7.225,Mr.,2,12,n,digit
524,1,female,C,1,44,0,1,57.9792,Mrs.,4,18,B,digit
525,0,male,C,3,25,0,0,7.2292,Mr.,2,11,n,digit
526,0,male,Q,3,40.5,0,0,7.75,Mr.,2,12,n,digit
527,1,female,S,2,50,0,0,10.5,Miss.,2,12,n,W/C
528,0,male,S,1,39,0,0,221.7792,Mr.,2,12,C,PC
529,0,male,S,3,39,0,0,7.925,Mr.,3,18,n,digit
530,0,male,S,2,23,2,1,11.5,Mr.,3,20,n,digit
531,1,female,S,2,2,1,1,26,Miss.,3,15,n,digit
532,0,male,C,3,27,0,0,7.2292,Mr.,2,11,n,digit
533,0,male,C,3,17,1,1,7.2292,Mr.,3,13,n,digit
534,1,female,C,3,35,0,2,22.3583,Mrs.,3,14,n,digit
535,0,female,S,3,30,0,0,8.6625,Miss.,2,11,n,digit
536,1,female,S,2,7,0,2,26.25,Miss.,3,13,n,FCC
537,0,male,S,1,45,0,0,26.55,Military,3,23,B,digit
538,1,female,C,1,30,0,0,106.425,Miss.,2,11,n,PC
539,0,male,S,3,15,0,0,14.5,Mr.,3,17,n,digit
540,1,female,C,1,22,0,2,49.5,Miss.,3,25,B,digit
541,1,female,S,1,36,0,2,71,Miss.,3,14,B,other
542,0,female,S,3,9,4,2,31.275,Miss.,3,27,n,digit
543,0,female,S,3,11,4,2,31.275,Miss.,3,24,n,digit
544,1,male,S,2,32,1,0,26,Mr.,2,11,n,digit
545,0,male,C,1,50,1,0,106.425,Mr.,3,19,C,PC
546,0,male,S,1,64,0,0,26,Mr.,3,21,n,digit
547,1,female,S,2,19,1,0,26,Mrs.,3,11,n,digit
548,1,male,C,2,30,0,0,13.8625,Mr.,4,18,n,SC/PARIS
549,0,male,S,3,33,1,1,20.525,Mr.,3,18,n,digit
550,1,male,S,2,8,1,1,36.75,Master.,4,18,n,CA
551,1,male,C,1,17,0,2,110.8833,Mr.,4,19,C,digit
552,0,male,S,2,27,0,0,26,Mr.,4,19,n,digit
553,0,male,Q,3,34,0,0,7.8292,Mr.,2,14,n,digit
554,1,male,C,3,22,0,0,7.225,Mr.,3,10,n,digit
555,1,female,S,3,22,0,0,7.775,Miss.,2,10,n,digit
556,0,male,S,1,62,0,0,26.55,Mr.,2,12,n,digit
557,1,female,C,1,48,1,0,39.6,Nobility,3,10,o,digit
558,0,male,C,1,39,0,0,227.525,Mr.,2,13,n,PC
559,1,female,S,1,39,1,1,79.65,Mrs.,3,11,E,digit
560,1,female,S,3,36,1,0,17.4,Mrs.,5,28,n,digit
561,0,male,Q,3,18,0,0,7.75,Mr.,3,17,n,digit
562,0,male,S,3,40,0,0,7.8958,Mr.,2,11,n,digit
563,0,male,S,2,28,0,0,13.5,Mr.,3,19,n,digit
564,0,male,S,3,35,0,0,8.05,Mr.,2,11,n,SOTON/OQ
565,0,female,S,3,1,0,0,8.05,Miss.,2,8,n,SOTON/OQ
566,0,male,S,3,24,2,0,24.15,Mr.,3,13,n,A/4
567,0,male,S,3,19,0,0,7.8958,Mr.,2,14,n,digit
568,0,female,S,3,29,0,4,21.075,Mrs.,3,11,n,digit
569,0,male,C,3,29,0,0,7.2292,Mr.,2,13,n,digit
570,1,male,S,3,32,0,0,7.8542,Mr.,2,11,n,digit
571,1,male,S,2,62,0,0,10.5,Mr.,2,12,n,other
572,1,female,S,1,53,2,0,51.4792,Mrs.,4,18,C,digit
573,1,male,S,1,36,0,0,26.3875,Mr.,4,14,E,PC
574,1,female,Q,3,50,0,0,7.75,Miss.,2,9,n,digit
575,0,male,S,3,16,0,0,8.05,Mr.,4,20,n,A/4
576,0,male,S,3,19,0,0,14.5,Mr.,2,14,n,digit
577,1,female,S,2,34,0,0,13,Miss.,2,12,n,digit
578,1,female,S,1,39,1,0,55.9,Mrs.,4,18,E,digit
579,0,female,C,3,27,1,0,14.4583,Mrs.,3,11,n,digit
580,1,male,S,3,32,0,0,7.925,Mr.,2,13,n,STON/O 2
581,1,female,S,2,25,1,1,30,Miss.,3,18,n,digit
582,1,female,C,1,39,1,1,110.8833,Mrs.,4,17,C,digit
583,0,male,S,2,54,0,0,26,Mr.,3,19,n,digit
584,0,male,C,1,36,0,0,40.125,Mr.,3,12,o,digit
585,0,male,C,3,24,0,0,8.7125,Mr.,2,13,n,digit
586,1,female,S,1,18,0,2,79.65,Miss.,2,11,E,digit
587,0,male,S,2,47,0,0,15,Mr.,3,16,n,digit
588,1,male,C,1,60,1,1,79.2,Mr.,2,26,B,digit
589,0,male,S,3,22,0,0,8.05,Mr.,2,15,n,digit
590,0,male,S,3,45,0,0,8.05,Mr.,2,13,n,A/5
591,0,male,S,3,35,0,0,7.125,Mr.,2,14,n,STON/O 2
592,1,female,C,1,52,1,0,78.2667,Mrs.,4,23,D,digit
593,0,male,S,3,47,0,0,7.25,Mr.,3,19,n,A/5
594,0,female,Q,3,30.5,0,2,7.75,Miss.,2,10,n,digit
595,0,male,S,2,37,1,0,26,Mr.,3,16,n,other
596,0,male,S,3,36,1,1,24.15,Mr.,4,19,n,digit
597,1,female,S,2,27,0,0,33,Miss.,3,17,n,digit
598,0,male,S,3,49,0,0,0,Mr.,2,13,n,other
599,0,male,C,3,27,0,0,7.225,Mr.,2,11,n,digit
600,1,male,C,1,49,1,0,56.9292,Nobility,5,21,o,PC
601,1,female,S,2,24,2,1,27,Mrs.,4,21,n,digit
602,0,male,S,3,24,0,0,7.8958,Mr.,2,14,n,digit
603,0,male,S,1,28,0,0,42.4,Mr.,3,18,n,digit
604,0,male,S,3,44,0,0,8.05,Mr.,3,18,n,digit
605,1,male,C,1,35,0,0,26.55,Mr.,3,10,n,digit
606,0,male,S,3,36,1,0,15.55,Mr.,3,22,n,digit
607,0,male,S,3,30,0,0,7.8958,Mr.,2,11,n,digit
608,1,male,S,1,27,0,0,30.5,Mr.,3,20,n,digit
609,1,female,C,2,22,1,2,41.5792,Mrs.,3,13,n,other
610,1,female,S,1,40,0,0,153.4625,Miss.,3,16,C,PC
611,0,female,S,3,39,1,5,31.275,Mrs.,4,20,n,digit
612,0,male,S,3,38,0,0,7.05,Mr.,3,14,n,SOTON/OQ
613,1,female,Q,3,2,1,0,15.5,Miss.,3,18,n,digit
614,0,male,Q,3,46,0,0,7.75,Mr.,2,10,n,digit
615,0,male,S,3,35,0,0,8.05,Mr.,3,24,n,digit
616,1,female,S,2,24,1,2,65,Miss.,2,11,n,digit
617,0,male,S,3,34,1,1,14.4,Mr.,3,18,n,digit
618,0,female,S,3,26,1,0,16.1,Mrs.,4,17,n,A/5
619,1,female,S,2,4,2,1,39,Miss.,3,18,o,digit
620,0,male,S,2,26,0,0,10.5,Mr.,2,13,n,digit
621,0,male,C,3,27,1,0,14.4542,Mr.,2,13,n,digit
622,1,male,S,1,42,1,0,52.5542,Mr.,4,20,D,digit
623,1,male,C,3,20,1,1,15.7417,Mr.,2,10,n,digit
624,0,male,S,3,21,0,0,7.8542,Mr.,3,20,n,digit
625,0,male,S,3,21,0,0,16.1,Mr.,4,19,n,digit
626,0,male,S,1,61,0,0,32.3208,Mr.,2,15,D,digit
627,0,male,Q,2,57,0,0,12.35,Rev.,3,22,n,digit
628,1,female,S,1,21,0,0,77.9583,Miss.,3,20,D,digit
629,0,male,S,3,26,0,0,7.8958,Mr.,2,19,n,digit
630,0,male,Q,3,14,0,0,7.7333,Mr.,3,17,n,digit
631,1,male,S,1,80,0,0,30,Mr.,4,28,o,digit
632,0,male,S,3,51,0,0,7.0542,Mr.,3,20,n,digit
633,1,male,C,1,32,0,0,30.5,Dr.,2,19,B,digit
634,0,male,S,1,62,0,0,0,Mr.,4,21,n,digit
635,0,female,S,3,9,3,2,27.9,Miss.,2,10,n,digit
636,1,female,S,2,28,0,0,13,Miss.,2,9,n,digit
637,0,male,S,3,32,0,0,7.925,Mr.,3,19,n,STON/O 2
638,0,male,S,2,31,1,1,26.25,Mr.,2,13,n,CA
639,0,female,S,3,41,0,5,39.6875,Mrs.,3,10,n,digit
640,0,male,S,3,20,1,0,16.1,Mr.,2,20,n,digit
641,0,male,S,3,20,0,0,7.8542,Mr.,3,15,n,digit
642,1,female,C,1,24,0,0,69.3,Miss.,2,12,B,PC
643,0,female,S,3,2,3,2,27.9,Miss.,3,20,n,digit
644,1,male,S,3,30,0,0,56.4958,Mr.,2,9,n,digit
645,1,female,C,3,0.75,2,1,19.2583,Miss.,2,14,n,digit
646,1,male,C,1,48,1,0,76.7292,Mr.,3,18,D,PC
647,0,male,S,3,19,0,0,7.8958,Mr.,2,11,n,digit
648,1,male,C,1,56,0,0,35.5,Military,3,27,o,digit
649,0,male,S,3,35,0,0,7.55,Mr.,2,12,n,SO/PP
650,1,female,S,3,23,0,0,7.55,Miss.,4,21,n,CA
651,0,male,S,3,35,0,0,7.8958,Mr.,2,11,n,digit
652,1,female,S,2,18,0,1,23,Miss.,2,11,n,digit
653,0,male,S,3,21,0,0,8.4333,Mr.,3,23,n,digit
654,1,female,Q,3,40,0,0,7.8292,Miss.,3,20,n,digit
655,0,female,Q,3,18,0,0,6.75,Miss.,3,19,n,digit
656,0,male,S,2,24,2,0,73.5,Mr.,3,18,n,SOC
657,0,male,S,3,45,0,0,7.8958,Mr.,2,15,n,digit
658,0,female,Q,3,32,1,1,15.5,Mrs.,3,10,n,digit
659,0,male,S,2,23,0,0,13,Mr.,3,21,n,digit
660,0,male,C,1,58,0,2,113.275,Mr.,3,19,D,digit
661,1,male,S,1,50,2,0,133.65,Dr.,3,22,n,PC
662,0,male,C,3,40,0,0,7.225,Mr.,2,11,n,digit
663,0,male,S,1,47,0,0,25.5875,Mr.,3,19,E,digit
664,0,male,S,3,36,0,0,7.4958,Mr.,2,10,n,digit
665,1,male,S,3,20,1,0,7.925,Mr.,3,20,n,STON/O 2
666,0,male,S,2,32,2,0,73.5,Mr.,2,12,n,SOC
667,0,male,S,2,25,0,0,13,Mr.,3,20,n,digit
668,0,male,S,3,24,0,0,7.775,Mr.,3,19,n,digit
669,0,male,S,3,43,0,0,8.05,Mr.,2,9,n,A/5
670,1,female,S,1,42,1,0,52,Mrs.,4,17,C,digit
671,1,female,S,2,40,1,1,39,Mrs.,5,25,n,digit
672,0,male,S,1,31,1,0,52,Mr.,2,16,B,other
673,0,male,S,2,70,0,0,10.5,Mr.,3,20,n,CA
674,1,male,S,2,31,0,0,13,Mr.,2,15,n,digit
675,0,male,S,2,34.5,0,0,0,Mr.,3,19,n,digit
676,0,male,S,3,18,0,0,7.775,Mr.,3,23,n,digit
677,0,male,S,3,24.5,0,0,8.05,Mr.,3,22,n,digit
678,1,female,S,3,18,0,0,9.8417,Miss.,3,14,n,digit
679,0,female,S,3,43,1,6,46.9,Mrs.,3,16,n,CA
680,1,male,C,1,36,0,1,512.3292,Mr.,4,26,B,PC
681,0,female,Q,3,21,0,0,8.1375,Miss.,2,11,n,digit
682,1,male,C,1,27,0,0,76.7292,Mr.,2,12,D,PC
683,0,male,S,3,20,0,0,9.225,Mr.,3,20,n,digit
684,0,male,S,3,14,5,2,46.9,Mr.,3,20,n,CA
685,0,male,S,2,60,1,1,39,Mr.,4,25,n,digit
686,0,male,C,2,25,1,2,41.5792,Mr.,4,30,n,other
687,0,male,S,3,14,4,1,39.6875,Mr.,3,17,n,digit
688,0,male,S,3,19,0,0,10.1708,Mr.,2,11,n,digit
689,0,male,S,3,18,0,0,7.7958,Mr.,3,24,n,digit
690,1,female,S,1,15,0,1,211.3375,Miss.,3,24,B,digit
691,1,male,S,1,31,1,0,57,Mr.,3,16,B,digit
692,1,female,C,3,4,0,1,13.4167,Miss.,2,10,n,digit
693,1,male,S,3,22,0,0,56.4958,Mr.,2,6,n,digit
694,0,male,C,3,25,0,0,7.225,Mr.,2,10,n,digit
695,0,male,S,1,60,0,0,26.55,Military,2,8,n,digit
696,0,male,S,2,52,0,0,13.5,Mr.,3,19,n,digit
697,0,male,S,3,44,0,0,8.05,Mr.,2,10,n,digit
698,1,female,Q,3,4,0,0,7.7333,Miss.,3,23,n,digit
699,0,male,C,1,49,1,1,110.8833,Mr.,3,17,C,digit
700,0,male,S,3,42,0,0,7.65,Mr.,5,31,o,digit
701,1,female,C,1,18,1,0,227.525,Mrs.,4,14,C,PC
702,1,male,S,1,35,0,0,26.2875,Mr.,3,25,E,PC
703,0,female,C,3,18,0,1,14.4542,Miss.,2,13,n,digit
704,0,male,Q,3,25,0,0,7.7417,Mr.,2,15,n,digit
705,0,male,S,3,26,1,0,7.8542,Mr.,3,16,n,digit
706,0,male,S,2,39,0,0,26,Mr.,4,17,n,digit
707,1,female,S,2,45,0,0,13.5,Mrs.,3,21,n,digit
708,1,male,S,1,42,0,0,26.2875,Mr.,3,26,E,PC
709,1,female,S,1,22,0,0,151.55,Miss.,2,12,n,digit
710,1,male,C,3,3,1,1,15.2458,Master.,4,19,n,digit
711,1,female,C,1,24,0,0,49.5042,Miss.,4,19,C,PC
712,0,male,S,1,62,0,0,26.55,Mr.,2,12,C,digit
713,1,male,S,1,48,1,0,52,Mr.,3,17,C,digit
714,0,male,S,3,29,0,0,9.4833,Mr.,3,19,n,digit
715,0,male,S,2,52,0,0,13,Mr.,2,15,n,digit
716,0,male,S,3,19,0,0,7.65,Mr.,5,33,o,digit
717,1,female,C,1,38,0,0,227.525,Miss.,3,20,C,PC
718,1,female,S,2,27,0,0,10.5,Miss.,4,25,E,digit
719,0,male,Q,3,33,0,0,15.5,Mr.,2,13,n,digit
720,0,male,S,3,33,0,0,7.775,Mr.,3,21,n,digit
721,1,female,S,2,6,0,1,33,Miss.,4,23,n,digit
722,0,male,S,3,17,1,0,7.0542,Mr.,3,18,n,digit
723,0,male,S,2,34,0,0,13,Mr.,3,21,n,digit
724,0,male,S,2,50,0,0,13,Mr.,3,16,n,digit
725,1,male,S,1,27,1,0,53.1,Mr.,3,22,E,digit
726,0,male,S,3,20,0,0,8.6625,Mr.,2,13,n,digit
727,1,female,S,2,30,3,0,21,Mrs.,4,16,n,digit
728,1,female,Q,3,17,0,0,7.7375,Miss.,2,16,n,digit
729,0,male,S,2,25,1,0,26,Mr.,4,23,n,digit
730,0,female,S,3,25,1,0,7.925,Miss.,3,20,n,STON/O2
731,1,female,S,1,29,0,0,211.3375,Miss.,3,20,B,digit
732,0,male,C,3,11,0,0,18.7875,Mr.,4,16,n,digit
733,0,male,S,2,34.5,0,0,0,Mr.,3,13,n,digit
734,0,male,S,2,23,0,0,13,Mr.,3,19,n,digit
735,0,male,S,2,23,0,0,13,Mr.,3,21,n,digit
736,0,male,S,3,28.5,0,0,16.1,Mr.,2,14,n,digit
737,0,female,S,3,48,1,3,34.375,Mrs.,3,10,n,W/C
738,1,male,C,1,35,0,0,512.3292,Mr.,3,15,B,PC
739,0,male,S,3,35,0,0,7.8958,Mr.,2,12,n,digit
740,0,male,S,3,25,0,0,7.8958,Mr.,2,12,n,digit
741,1,male,S,1,36,0,0,30,Mr.,3,20,D,digit
742,0,male,S,1,36,1,0,78.85,Mr.,3,22,C,digit
743,1,female,C,1,21,2,2,262.375,Miss.,4,27,B,PC
744,0,male,S,3,24,1,0,16.1,Mr.,2,11,n,digit
745,1,male,S,3,31,0,0,7.925,Mr.,2,12,n,STON/O 2
746,0,male,S,1,70,1,1,71,Military,3,19,B,other
747,0,male,S,3,16,1,1,20.25,Mr.,3,20,n,CA
748,1,female,S,2,30,0,0,13,Miss.,2,13,n,digit
749,0,male,S,1,19,1,0,53.1,Mr.,3,18,D,digit
750,0,male,Q,3,31,0,0,7.75,Mr.,2,17,n,digit
751,1,female,S,2,4,1,1,23,Miss.,2,9,n,digit
752,1,male,S,3,6,0,1,12.475,Master.,2,9,E,digit
753,0,male,S,3,33,0,0,9.5,Mr.,4,24,n,digit
754,0,male,S,3,23,0,0,7.8958,Mr.,2,12,n,digit
755,1,female,S,2,48,1,2,65,Mrs.,3,12,n,digit
756,1,male,S,2,0.67,1,1,14.5,Master.,2,15,n,digit
757,0,male,S,3,28,0,0,7.7958,Mr.,3,21,n,digit
758,0,male,S,2,18,0,0,11.5,Mr.,3,17,n,digit
759,0,male,S,3,34,0,0,8.05,Mr.,3,21,n,digit
760,1,female,S,1,33,0,0,86.5,Nobility,4,11,B,digit
761,0,male,S,3,30,0,0,14.5,Mr.,2,12,n,digit
762,0,male,S,3,41,0,0,7.125,Mr.,4,22,n,other
763,1,male,C,3,20,0,0,7.2292,Mr.,3,14,n,digit
764,1,female,S,1,36,1,2,120,Mrs.,4,19,B,digit
765,0,male,S,3,16,0,0,7.775,Mr.,3,15,n,digit
766,1,female,S,1,51,1,0,77.9583,Mrs.,4,13,D,digit
767,0,male,C,1,44,0,0,39.6,Dr.,3,18,n,digit
768,0,female,Q,3,30.5,0,0,7.75,Miss.,2,10,n,digit
769,0,male,Q,3,30,1,0,24.15,Mr.,3,12,n,digit
770,0,male,S,3,32,0,0,8.3625,Mr.,3,25,n,digit
771,0,male,S,3,24,0,0,9.5,Mr.,3,15,n,digit
772,0,male,S,3,48,0,0,7.8542,Mr.,3,16,n,digit
773,0,female,S,2,57,0,0,10.5,Mrs.,2,4,E,SO/PP
774,0,male,C,3,27,0,0,7.225,Mr.,2,9,n,digit
775,1,female,S,2,54,1,3,23,Mrs.,3,16,n,digit
776,0,male,S,3,18,0,0,7.75,Mr.,5,30,n,digit
777,0,male,Q,3,29,0,0,7.75,Mr.,2,10,o,digit
778,1,female,S,3,5,0,0,12.475,Miss.,3,20,n,digit
779,0,male,Q,3,19,0,0,7.7375,Mr.,3,16,n,digit
780,1,female,S,1,43,0,1,211.3375,Mrs.,4,17,B,digit
781,1,female,C,3,13,0,0,7.2292,Miss.,2,12,n,digit
782,1,female,S,1,17,1,0,57,Mrs.,4,16,B,digit
783,0,male,S,1,29,0,0,30,Mr.,3,15,D,digit
784,0,male,S,3,21,1,2,23.45,Mr.,3,15,n,W/C
785,0,male,S,3,25,0,0,7.05,Mr.,2,10,n,SOTON/OQ
786,0,male,S,3,25,0,0,7.25,Mr.,3,13,n,digit
787,1,female,S,3,18,0,0,7.4958,Miss.,3,16,n,digit
788,0,male,Q,3,8,4,1,29.125,Master.,3,14,n,digit
789,1,male,S,3,1,1,2,20.575,Master.,3,15,n,CA
790,0,male,C,1,46,0,0,79.2,Mr.,2,18,B,PC
791,0,male,Q,3,19,0,0,7.75,Mr.,3,17,n,digit
792,0,male,S,2,16,0,0,26,Mr.,2,13,n,digit
793,0,female,S,3,8,8,2,69.55,Miss.,3,14,n,CA
794,0,male,C,1,45,0,0,30.6958,Mr.,3,17,n,PC
795,0,male,S,3,25,0,0,7.8958,Mr.,2,15,n,digit
796,0,male,S,2,39,0,0,13,Mr.,2,12,n,digit
797,1,female,S,1,49,0,0,25.9292,Dr.,3,11,D,digit
798,1,female,S,3,31,0,0,8.6833,Mrs.,2,9,n,digit
799,0,male,C,3,30,0,0,7.2292,Mr.,3,21,n,digit
800,0,female,S,3,30,1,1,24.15,Mrs.,5,19,n,digit
801,0,male,S,2,34,0,0,13,Mr.,2,14,n,digit
802,1,female,S,2,31,1,1,26.25,Mrs.,3,13,n,CA
803,1,male,S,1,11,1,2,120,Master.,4,23,B,digit
804,1,male,C,3,0.42,0,1,8.5167,Master.,3,20,n,digit
805,1,male,S,3,27,0,0,6.975,Mr.,3,16,n,digit
806,0,male,S,3,31,0,0,7.775,Mr.,3,18,n,digit
807,0,male,S,1,39,0,0,0,Mr.,3,15,o,digit
808,0,female,S,3,18,0,0,7.775,Miss.,3,22,n,digit
809,0,male,S,2,39,0,0,13,Mr.,2,11,n,digit
810,1,female,S,1,33,1,0,53.1,Mrs.,4,22,E,digit
811,0,male,S,3,26,0,0,7.8875,Mr.,2,16,n,digit
812,0,male,S,3,39,0,0,24.15,Mr.,2,11,n,A/4
813,0,male,S,2,35,0,0,10.5,Mr.,3,18,n,digit
814,0,female,S,3,6,4,2,31.275,Miss.,4,24,n,digit
815,0,male,S,3,30.5,0,0,8.05,Mr.,3,19,n,digit
816,0,male,S,1,39,0,0,0,Mr.,2,10,B,digit
817,0,female,S,3,23,0,0,7.925,Miss.,3,19,n,STON/O2
818,0,male,C,2,31,1,1,37.0042,Mr.,2,12,n,SC/PARIS
819,0,male,S,3,43,0,0,6.45,Mr.,4,24,n,C
820,0,male,S,3,10,3,2,27.9,Master.,3,17,n,digit
821,1,female,S,1,52,1,1,93.5,Mrs.,4,19,B,digit
822,1,male,S,3,27,0,0,8.6625,Mr.,2,11,n,digit
823,0,male,S,1,38,0,0,0,Nobility,3,18,n,digit
824,1,female,S,3,27,0,1,12.475,Mrs.,2,4,E,digit
825,0,male,S,3,2,4,1,39.6875,Master.,3,17,n,digit
826,0,male,Q,3,34,0,0,6.95,Mr.,2,9,n,digit
827,0,male,S,3,48,0,0,56.4958,Mr.,2,6,n,digit
828,1,male,C,2,1,0,2,37.0042,Master.,2,11,n,SC/PARIS
829,1,male,Q,3,41,0,0,7.75,Mr.,3,21,n,digit
830,1,female,C,1,62,0,0,80,Mrs.,4,17,B,digit
831,1,female,C,3,15,1,0,14.4542,Mrs.,3,13,n,digit
832,1,male,S,2,0.83,1,1,18.75,Master.,3,20,n,digit
833,0,male,C,3,24,0,0,7.2292,Mr.,2,8,n,digit
834,0,male,S,3,23,0,0,7.8542,Mr.,2,16,n,digit
835,0,male,S,3,18,0,0,8.3,Mr.,3,15,n,digit
836,1,female,C,1,39,1,1,83.1583,Miss.,3,18,E,PC
837,0,male,S,3,21,0,0,8.6625,Mr.,2,10,n,digit
838,0,male,S,3,25,0,0,8.05,Mr.,2,13,n,digit
839,1,male,S,3,32,0,0,56.4958,Mr.,2,9,n,digit
840,1,male,C,1,32,0,0,29.7,Mr.,2,14,C,digit
841,0,male,S,3,20,0,0,7.925,Mr.,3,20,n,other
842,0,male,S,2,16,0,0,10.5,Mr.,3,17,n,SO/PP
843,1,female,C,1,30,0,0,31,Miss.,2,15,n,digit
844,0,male,C,3,34.5,0,0,6.4375,Mr.,3,19,n,digit
845,0,male,S,3,17,0,0,8.6625,Mr.,2,13,n,digit
846,0,male,S,3,42,0,0,7.55,Mr.,2,13,n,CA
847,0,male,S,3,30,8,2,69.55,Mr.,3,17,n,CA
848,0,male,C,3,35,0,0,7.8958,Mr.,2,12,n,digit
849,0,male,S,2,28,0,1,33,Rev.,2,10,n,digit
850,1,female,C,1,54,1,0,89.1042,Mrs.,4,17,C,digit
851,0,male,S,3,4,4,2,31.275,Master.,4,27,n,digit
852,0,male,S,3,74,0,0,7.775,Mr.,2,13,n,digit
853,0,female,C,3,9,1,1,15.2458,Miss.,2,15,n,digit
854,1,female,S,1,16,0,1,39.4,Miss.,3,16,D,PC
855,0,female,S,2,44,1,0,26,Mrs.,4,21,n,digit
856,1,female,S,3,18,0,1,9.35,Mrs.,3,6,n,digit
857,1,female,S,1,45,1,1,164.8667,Mrs.,4,17,n,digit
858,1,male,S,1,51,0,0,26.55,Mr.,4,14,E,digit
859,1,female,C,3,24,0,3,19.2583,Mrs.,3,14,n,digit
860,0,male,C,3,25,0,0,7.2292,Mr.,2,10,n,digit
861,0,male,S,3,41,2,0,14.1083,Mr.,3,16,n,digit
862,0,male,S,2,21,1,0,11.5,Mr.,3,20,n,digit
863,1,female,S,1,48,0,0,25.9292,Mrs.,4,18,D,digit
864,0,female,S,3,2,8,2,69.55,Miss.,4,23,n,CA
865,0,male,S,2,24,0,0,13,Mr.,3,15,n,digit
866,1,female,S,2,42,0,0,13,Mrs.,2,7,n,digit
867,1,female,C,2,27,1,0,13.8583,Miss.,4,18,n,SC/PARIS
868,0,male,S,1,31,0,0,50.4958,Mr.,4,28,o,PC
869,0,male,S,3,30,0,0,9.5,Mr.,3,20,n,digit
870,1,male,S,3,4,1,1,11.1333,Master.,3,20,n,digit
871,0,male,S,3,26,0,0,7.8958,Mr.,2,11,n,digit
872,1,female,S,1,47,1,1,52.5542,Mrs.,4,22,D,digit
873,0,male,S,1,33,0,0,5,Mr.,3,17,B,digit
874,0,male,S,3,47,0,0,9,Mr.,3,20,n,digit
875,1,female,C,2,28,1,0,24,Mrs.,3,13,n,other
876,1,female,C,3,15,0,0,7.225,Miss.,4,22,n,digit
877,0,male,S,3,20,0,0,9.8458,Mr.,3,22,n,digit
878,0,male,S,3,19,0,0,7.8958,Mr.,2,14,n,digit
879,0,male,S,3,35,0,0,7.8958,Mr.,2,12,n,digit
880,1,female,C,1,56,0,1,83.1583,Mrs.,4,14,C,digit
881,1,female,S,2,25,0,1,26,Mrs.,3,14,n,digit
882,0,male,S,3,33,0,0,7.8958,Mr.,2,12,n,digit
883,0,female,S,3,22,0,0,10.5167,Miss.,3,19,n,digit
884,0,male,S,2,28,0,0,10.5,Mr.,3,22,n,other
885,0,male,S,3,25,0,0,7.05,Mr.,3,15,n,SOTON/OQ
886,0,female,Q,3,39,0,5,29.125,Mrs.,3,11,n,digit
887,0,male,S,2,27,0,0,13,Rev.,2,14,n,digit
888,1,female,S,1,19,0,0,30,Miss.,3,19,B,digit
889,0,female,S,3,13,1,2,23.45,Miss.,4,30,n,W/C
890,1,male,C,1,26,0,0,30,Mr.,3,14,C,digit
891,0,male,Q,3,32,0,0,7.75,Mr.,2,13,n,digit
892,2,male,Q,3,34.5,0,0,7.8292,Mr.,2,10,n,digit
893,2,female,S,3,47,1,0,7,Mrs.,3,11,n,digit
894,2,male,Q,2,62,0,0,9.6875,Mr.,3,18,n,digit
895,2,male,S,3,27,0,0,8.6625,Mr.,2,10,n,digit
896,2,female,S,3,22,1,1,12.2875,Mrs.,3,17,n,digit
897,2,male,S,3,14,0,0,9.225,Mr.,3,19,n,digit
898,2,female,Q,3,30,0,0,7.6292,Miss.,2,12,n,digit
899,2,male,S,2,26,1,1,29,Mr.,3,21,n,digit
900,2,female,C,3,18,0,0,7.2292,Mrs.,3,13,n,digit
901,2,male,S,3,21,2,0,24.15,Mr.,3,16,n,A/4
902,2,male,S,3,36,0,0,7.8958,Mr.,2,10,n,digit
903,2,male,S,1,46,0,0,26,Mr.,3,19,n,digit
904,2,female,S,1,23,1,0,82.2667,Mrs.,4,19,B,digit
905,2,male,S,2,63,1,0,26,Mr.,2,14,n,digit
906,2,female,S,1,47,1,0,61.175,Mrs.,4,20,E,other
907,2,female,C,2,24,1,0,27.7208,Mrs.,4,18,n,SC/PARIS
908,2,male,Q,2,35,0,0,12.35,Mr.,2,11,n,digit
909,2,male,C,3,21,0,0,7.225,Mr.,2,11,n,digit
910,2,female,S,3,27,1,0,7.925,Miss.,3,19,n,STON/O2
911,2,female,C,3,45,0,0,7.225,Mrs.,4,19,n,digit
912,2,male,C,1,55,1,0,59.4,Mr.,2,16,n,PC
913,2,male,S,3,9,0,1,3.1708,Master.,3,14,n,C
914,2,female,S,1,64,0,0,31.6833,Mrs.,3,16,n,PC
915,2,male,C,1,21,0,1,61.3792,Mr.,4,23,n,PC
916,2,female,C,1,48,1,3,262.375,Mrs.,4,19,B,PC
917,2,male,S,3,50,1,0,14.5,Mr.,3,16,n,A/5
918,2,female,C,1,22,0,1,61.9792,Miss.,3,19,B,digit
919,2,male,C,3,22.5,0,0,7.225,Mr.,2,11,n,digit
920,2,male,S,1,41,0,0,30.5,Mr.,3,16,o,digit
921,2,male,C,3,40,2,0,21.6792,Mr.,2,11,n,digit
922,2,male,S,2,50,1,0,26,Mr.,3,21,n,other
923,2,male,S,2,24,2,0,31.5,Mr.,3,22,n,CA
924,2,female,S,3,33,1,2,20.575,Mrs.,3,11,n,CA
925,2,female,S,3,30,1,2,23.45,Mrs.,4,16,n,W/C
926,2,male,C,1,30,1,0,57.75,Mr.,3,17,C,digit
927,2,male,C,3,18.5,0,0,7.2292,Mr.,3,19,n,digit
928,2,female,S,3,4,0,0,8.05,Miss.,3,10,n,digit
929,2,female,S,3,21,0,0,8.6625,Miss.,2,10,n,digit
930,2,male,S,3,25,0,0,9.5,Mr.,2,9,n,digit
931,2,male,S,3,30,0,0,56.4958,Mr.,2,7,n,digit
932,2,male,C,3,39,0,1,13.4167,Mr.,2,10,n,digit
933,2,male,S,1,25,0,0,26.55,Mr.,3,20,D,digit
934,2,male,S,3,41,0,0,7.85,Mr.,2,15,n,SOTON/OQ
935,2,female,S,2,30,0,0,13,Mrs.,4,14,n,digit
936,2,female,S,1,45,1,0,52.5542,Mrs.,5,20,D,digit
937,2,male,S,3,25,0,0,7.925,Mr.,3,24,n,STON/O 2
938,2,male,C,1,45,0,0,29.7,Mr.,3,17,o,PC
939,2,male,Q,3,36,0,0,7.75,Mr.,2,18,n,digit
940,2,female,C,1,60,0,0,76.2917,Mrs.,4,21,D,digit
941,2,female,S,3,36,0,2,15.9,Mrs.,3,14,n,CA
942,2,male,S,1,24,1,0,60,Mr.,3,17,C,digit
943,2,male,C,2,27,0,0,15.0333,Mr.,2,12,n,SC/PARIS
944,2,female,S,2,20,2,1,23,Miss.,3,20,n,digit
945,2,female,S,1,28,3,2,263,Miss.,3,17,C,digit
946,2,male,C,2,2,0,0,15.5792,Mr.,3,26,n,other
947,2,male,Q,3,10,4,1,29.125,Master.,2,10,n,digit
948,2,male,S,3,35,0,0,7.8958,Mr.,2,9,n,digit
949,2,male,S,3,25,0,0,7.65,Mr.,3,22,o,digit
950,2,male,S,3,16,1,0,16.1,Mr.,3,18,n,digit
951,2,female,C,1,36,0,0,262.375,Miss.,2,19,B,PC
952,2,male,S,3,17,0,0,7.8958,Mr.,2,9,n,digit
953,2,male,S,2,32,0,0,13.5,Mr.,3,18,n,digit
954,2,male,S,3,18,0,0,7.75,Mr.,3,21,n,digit
955,2,female,Q,3,22,0,0,7.725,Miss.,3,19,n,digit
956,2,male,C,1,13,2,2,262.375,Master.,3,16,B,PC
957,2,female,S,2,33,0,0,21,Mrs.,4,11,n,FCC
958,2,female,Q,3,18,0,0,7.8792,Miss.,3,14,n,digit
959,2,male,S,1,47,0,0,42.4,Mr.,3,23,n,digit
960,2,male,C,1,31,0,0,28.5375,Mr.,4,23,C,digit
961,2,female,S,1,60,1,4,263,Mrs.,3,11,C,digit
962,2,female,Q,3,24,0,0,7.75,Miss.,3,16,n,digit
963,2,male,S,3,21,0,0,7.8958,Mr.,2,12,n,digit
964,2,female,S,3,29,0,0,7.925,Miss.,3,21,n,digit
965,2,male,C,1,28.5,0,0,27.7208,Mr.,4,23,D,PC
966,2,female,C,1,35,0,0,211.5,Miss.,2,12,C,digit
967,2,male,C,1,32.5,0,0,211.5,Mr.,2,12,C,digit
968,2,male,S,3,36,0,0,8.05,Mr.,2,10,n,digit
969,2,female,S,1,55,2,0,25.7,Mrs.,4,21,C,digit
970,2,male,S,2,30,0,0,13,Mr.,3,23,n,digit
971,2,female,Q,3,24,0,0,7.75,Miss.,2,14,n,digit
972,2,male,C,3,6,1,1,15.2458,Master.,2,10,n,digit
973,2,male,S,1,67,1,0,221.7792,Mr.,2,12,C,PC
974,2,male,S,1,49,0,0,26,Mr.,3,15,n,digit
975,2,male,S,3,26,0,0,7.8958,Mr.,2,14,n,digit
976,2,male,Q,2,57,0,0,10.7083,Mr.,3,14,n,digit
977,2,male,C,3,20,1,0,14.4542,Mr.,2,12,n,digit
978,2,female,Q,3,27,0,0,7.8792,Miss.,2,10,n,digit
979,2,female,S,3,18,0,0,8.05,Miss.,3,17,n,A/4
980,2,female,Q,3,19,0,0,7.75,Miss.,2,17,n,digit
981,2,male,S,2,2,1,1,23,Master.,3,16,n,digit
982,2,female,S,3,22,1,0,13.9,Mrs.,4,17,n,digit
983,2,male,S,3,28,0,0,7.775,Mr.,2,12,n,digit
984,2,female,S,1,27,1,2,52,Mrs.,3,16,B,other
985,2,male,S,3,26,0,0,8.05,Mr.,2,11,n,digit
986,2,male,C,1,25,0,0,26,Mr.,2,13,n,digit
987,2,male,S,3,25,0,0,7.7958,Mr.,3,19,n,digit
988,2,female,S,1,76,1,0,78.85,Mrs.,4,22,C,digit
989,2,male,S,3,29,0,0,7.925,Mr.,3,18,n,STON/O 2
990,2,female,S,3,20,0,0,7.8542,Miss.,4,18,n,digit
991,2,male,S,3,33,0,0,8.05,Mr.,3,21,n,A/5
992,2,female,C,1,43,1,0,55.4417,Mrs.,5,23,C,digit
993,2,male,S,2,27,1,0,26,Mr.,2,12,n,digit
994,2,male,Q,3,29,0,0,7.75,Mr.,2,12,n,digit
995,2,male,S,3,26,0,0,7.775,Mr.,4,30,n,digit
996,2,female,C,3,16,1,1,8.5167,Mrs.,3,16,n,digit
997,2,male,S,3,28,0,0,22.525,Mr.,3,18,n,C
998,2,male,Q,3,21,0,0,7.8208,Mr.,2,13,n,digit
999,2,male,Q,3,29,0,0,7.75,Mr.,2,10,n,digit
1000,2,male,S,3,24,0,0,8.7125,Mr.,3,12,n,digit
1001,2,male,S,2,18.5,0,0,13,Mr.,2,11,o,digit
1002,2,male,C,2,41,0,0,15.0458,Mr.,3,17,n,digit
1003,2,female,Q,3,19,0,0,7.7792,Miss.,3,17,n,digit
1004,2,female,C,1,36,0,0,31.6792,Miss.,3,15,o,PC
1005,2,female,Q,3,18.5,0,0,7.2833,Miss.,2,16,n,digit
1006,2,female,S,1,63,1,0,221.7792,Mrs.,3,12,C,PC
1007,2,male,C,3,18,1,0,14.4542,Mr.,2,21,n,digit
1008,2,male,C,3,42,0,0,6.4375,Mr.,2,10,n,digit
1009,2,female,S,3,1,1,1,16.7,Miss.,3,22,o,other
1010,2,male,C,1,36,0,0,75.2417,Mr.,2,14,C,digit
1011,2,female,S,2,29,1,0,26,Mrs.,4,16,n,other
1012,2,female,S,2,12,0,0,15.75,Miss.,3,11,n,CA
1013,2,male,Q,3,29,1,0,7.75,Mr.,2,11,n,digit
1014,2,female,C,1,35,1,0,57.75,Mrs.,3,12,C,digit
1015,2,male,S,3,28,0,0,7.25,Mr.,3,16,n,digit
1016,2,male,Q,3,41,0,0,7.75,Mr.,2,11,n,digit
1017,2,female,S,3,17,0,1,16.1,Miss.,3,15,n,digit
1018,2,male,S,3,22,0,0,7.7958,Mr.,3,17,n,digit
1019,2,female,Q,3,1,2,0,23.25,Miss.,2,11,n,digit
1020,2,male,S,2,42,0,0,13,Mr.,2,14,n,digit
1021,2,male,S,3,24,0,0,8.05,Mr.,2,14,n,digit
1022,2,male,S,3,32,0,0,8.05,Mr.,3,16,n,other
1023,2,male,C,1,53,0,0,28.5,Military,3,17,C,digit
1024,2,female,S,3,19,0,4,25.4667,Mrs.,3,12,n,digit
1025,2,male,C,3,40,1,0,6.4375,Mr.,3,14,n,digit
1026,2,male,S,3,43,0,0,7.8958,Mr.,2,16,n,digit
1027,2,male,S,3,24,0,0,7.8542,Mr.,3,18,n,digit
1028,2,male,C,3,26.5,0,0,7.225,Mr.,2,19,n,digit
1029,2,male,S,2,26,0,0,13,Mr.,2,13,n,digit
1030,2,female,S,3,23,0,0,8.05,Miss.,2,13,n,SOTON/OQ
1031,2,male,S,3,40,1,6,46.9,Mr.,3,23,n,CA
1032,2,female,S,3,10,5,2,46.9,Miss.,3,18,n,CA
1033,2,female,S,1,33,0,0,151.55,Miss.,2,12,n,digit
1034,2,male,C,1,61,1,3,262.375,Mr.,3,19,B,PC
1035,2,male,S,2,28,0,0,26,Mr.,3,19,n,digit
1036,2,male,S,1,42,0,0,26.55,Mr.,4,25,n,digit
1037,2,male,S,3,31,3,0,18,Mr.,3,18,n,digit
1038,2,male,S,1,35,0,0,51.8625,Mr.,3,20,E,digit
1039,2,male,S,3,22,0,0,8.05,Mr.,2,10,n,other
1040,2,male,S,1,60,0,0,26.55,Mr.,3,18,n,digit
1041,2,male,S,2,30,1,1,26,Rev.,2,15,n,digit
1042,2,female,C,1,23,0,1,83.1583,Mrs.,3,15,C,digit
1043,2,male,C,3,30.5,0,0,7.8958,Mr.,2,14,n,digit
1044,2,male,S,3,60.5,0,0,24.15,Mr.,2,12,n,digit
1045,2,female,S,3,36,0,2,12.1833,Mrs.,2,6,n,digit
1046,2,male,S,3,13,4,2,31.3875,Master.,3,17,n,digit
1047,2,male,S,3,24,0,0,7.55,Mr.,2,14,n,SO/PP
1048,2,female,S,1,29,0,0,221.7792,Miss.,2,9,C,PC
1049,2,female,S,3,23,0,0,7.8542,Miss.,3,15,n,digit
1050,2,male,S,1,42,0,0,26.55,Mr.,3,17,D,digit
1051,2,female,S,3,26,0,2,13.775,Mrs.,3,15,n,SOTON/OQ
1052,2,female,Q,3,19,0,0,7.7333,Miss.,2,10,n,digit
1053,2,male,C,3,7,1,1,15.2458,Master.,3,19,n,digit
1054,2,female,S,2,26,0,0,13.5,Miss.,2,12,n,digit
1055,2,male,S,3,36,0,0,7,Mr.,2,12,n,digit
1056,2,male,S,2,41,0,0,13,Rev.,3,21,n,digit
1057,2,female,S,3,26,1,1,22.025,Mrs.,3,18,n,digit
1058,2,male,C,1,48,0,0,50.4958,Mr.,2,12,B,PC
1059,2,male,S,3,18,2,2,34.375,Mr.,3,16,n,W/C
1060,2,female,C,1,34,0,0,27.7208,Mrs.,5,22,n,digit
1061,2,female,S,3,22,0,0,8.9625,Miss.,3,19,n,digit
1062,2,male,S,3,28,0,0,7.55,Mr.,2,12,n,SO/PP
1063,2,male,C,3,27,0,0,7.225,Mr.,2,13,n,digit
1064,2,male,S,3,23,1,0,13.9,Mr.,3,17,n,digit
1065,2,male,C,3,42,0,0,7.2292,Mr.,2,10,n,digit
1066,2,male,S,3,40,1,5,31.3875,Mr.,5,33,n,digit
1067,2,female,S,2,15,0,2,39,Miss.,3,16,n,digit
1068,2,female,S,2,20,0,0,36.75,Miss.,2,12,n,CA
1069,2,male,C,1,54,1,0,55.4417,Mr.,4,23,C,digit
1070,2,female,S,2,36,0,3,39,Mrs.,4,17,o,digit
1071,2,female,C,1,64,0,2,83.1583,Mrs.,4,22,E,PC
1072,2,male,S,2,30,0,0,13,Mr.,3,18,n,digit
1073,2,male,C,1,37,1,1,83.1583,Mr.,4,24,E,PC
1074,2,female,S,1,18,1,0,53.1,Mrs.,4,18,D,digit
1075,2,male,Q,3,29,0,0,7.75,Mr.,2,11,n,digit
1076,2,female,C,1,27,1,1,247.5208,Mrs.,4,23,B,PC
1077,2,male,S,2,40,0,0,16,Mr.,3,18,n,digit
1078,2,female,S,2,21,0,1,21,Miss.,4,26,n,SO/PP
1079,2,male,S,3,17,2,0,8.05,Mr.,2,12,n,A/4
1080,2,female,S,3,7,8,2,69.55,Miss.,2,7,n,CA
1081,2,male,S,2,40,0,0,13,Mr.,2,9,n,digit
1082,2,male,S,2,34,1,0,26,Mr.,3,13,n,digit
1083,2,male,S,1,80,0,0,26,Mr.,3,15,n,digit
1084,2,male,S,3,11.5,1,1,14.5,Master.,4,21,n,A/5
1085,2,male,Q,2,61,0,0,12.35,Mr.,2,11,n,digit
1086,2,male,S,2,8,0,2,32.5,Master.,3,18,n,digit
1087,2,male,S,3,33,0,0,7.8542,Mr.,4,25,n,digit
1088,2,male,C,1,6,0,2,134.5,Master.,3,20,E,digit
1089,2,female,S,3,18,0,0,7.775,Miss.,3,18,n,digit
1090,2,male,S,2,23,0,0,10.5,Mr.,3,23,n,CA
1091,2,female,S,3,30,0,0,8.1125,Mrs.,2,9,n,digit
1092,2,female,Q,3,35,0,0,15.5,Miss.,2,10,n,digit
1093,2,male,S,3,0.33,0,2,14.4,Master.,4,27,n,digit
1094,2,male,C,1,47,1,0,227.525,Military,3,14,C,PC
1095,2,female,S,2,8,1,1,26,Miss.,3,17,n,digit
1096,2,male,S,2,25,0,0,10.5,Mr.,3,17,n,CA
1097,2,male,C,1,36,0,0,25.7417,Mr.,3,18,n,other
1098,2,female,Q,3,35,0,0,7.75,Miss.,2,16,n,digit
1099,2,male,S,2,24,0,0,10.5,Mr.,4,20,n,digit
1100,2,female,C,1,33,0,0,27.7208,Miss.,3,20,o,PC
1101,2,male,S,3,25,0,0,7.8958,Mr.,2,12,n,digit
1102,2,male,S,3,32,0,0,22.525,Mr.,3,20,n,C
1103,2,male,S,3,32,0,0,7.05,Mr.,2,11,n,SOTON/OQ
1104,2,male,S,2,17,0,0,73.5,Mr.,3,18,n,SOC
1105,2,female,S,2,60,1,0,26,Mrs.,3,14,n,digit
1106,2,female,S,3,38,4,2,7.775,Miss.,4,28,n,digit
1107,2,male,S,1,42,0,0,42.5,Mr.,2,15,B,digit
1108,2,female,Q,3,25,0,0,7.8792,Miss.,3,17,n,digit
1109,2,male,S,1,57,1,1,164.8667,Mr.,3,17,n,digit
1110,2,female,C,1,50,1,1,211.5,Mrs.,4,19,C,digit
1111,2,male,S,3,20,0,0,8.05,Mr.,3,24,n,digit
1112,2,female,C,2,30,1,0,13.8583,Miss.,4,20,n,SC/PARIS
1113,2,male,S,3,21,0,0,8.05,Mr.,3,15,n,digit
1114,2,female,S,2,22,0,0,10.5,Mrs.,2,4,o,W/C
1115,2,male,S,3,21,0,0,7.7958,Mr.,3,22,n,digit
1116,2,female,C,1,53,0,0,27.4458,Mrs.,3,12,n,PC
1117,2,female,C,3,39,0,2,15.2458,Mrs.,3,15,n,digit
1118,2,male,S,3,23,0,0,7.7958,Mr.,3,19,n,digit
1119,2,female,Q,3,16,0,0,7.75,Miss.,2,14,n,digit
1120,2,male,S,3,40.5,0,0,15.1,Mr.,3,18,n,CA
1121,2,male,S,2,36,0,0,13,Mr.,4,26,n,digit
1122,2,male,S,2,14,0,0,65,Mr.,3,20,n,digit
1123,2,female,S,1,21,0,0,26.55,Miss.,2,16,n,digit
1124,2,male,S,3,21,1,0,6.4958,Mr.,3,16,n,digit
1125,2,male,Q,3,36,0,0,7.8792,Mr.,2,14,n,digit
1126,2,male,C,1,39,1,0,71.2833,Mr.,3,18,C,PC
1127,2,male,S,3,20,0,0,7.8542,Mr.,3,15,n,digit
1128,2,male,C,1,64,1,0,75.25,Mr.,3,17,D,digit
1129,2,male,C,3,20,0,0,7.225,Mr.,2,13,n,digit
1130,2,female,S,2,18,1,1,13,Miss.,2,13,n,digit
1131,2,female,C,1,48,1,0,106.425,Mrs.,4,19,C,PC
1132,2,female,C,1,55,0,0,27.7208,Mrs.,4,18,n,digit
1133,2,female,S,2,45,0,2,30,Mrs.,2,7,n,digit
1134,2,male,C,1,45,1,1,134.5,Mr.,3,21,E,digit
1135,2,male,S,3,26,0,0,7.8875,Mr.,2,12,n,digit
1136,2,male,S,3,4,1,2,23.45,Master.,4,29,n,W/C
1137,2,male,S,1,41,1,0,51.8625,Mr.,3,16,D,digit
1138,2,female,S,2,22,0,0,21,Mrs.,4,12,n,FCC
1139,2,male,S,2,42,1,1,32.5,Mr.,3,15,n,digit
1140,2,female,S,2,29,1,0,26,Mrs.,3,11,n,digit
1141,2,female,C,3,27,1,0,14.4542,Mrs.,3,13,n,digit
1142,2,female,S,2,0.92,1,2,27.75,Miss.,3,12,n,CA
1143,2,male,S,3,20,0,0,7.925,Mr.,4,32,n,other
1144,2,male,C,1,27,1,0,136.7792,Mr.,3,17,C,digit
1145,2,male,S,3,24,0,0,9.325,Mr.,3,17,n,digit
1146,2,male,S,3,32.5,0,0,9.5,Mr.,2,13,n,digit
1147,2,male,S,3,24,0,0,7.55,Mr.,3,19,n,CA
1148,2,male,Q,3,21,0,0,7.75,Mr.,2,9,n,other
1149,2,male,S,3,28,0,0,8.05,Mr.,2,15,n,digit
1150,2,female,S,2,19,0,0,13,Miss.,3,14,n,digit
1151,2,male,S,3,21,0,0,7.775,Mr.,3,17,n,digit
1152,2,male,S,3,36.5,1,0,17.4,Mr.,4,28,n,digit
1153,2,male,S,3,21,0,0,7.8542,Mr.,3,22,n,digit
1154,2,female,S,2,29,0,2,23,Mrs.,4,17,n,digit
1155,2,female,S,3,1,1,1,12.1833,Miss.,3,19,n,digit
1156,2,male,C,2,30,0,0,12.7375,Mr.,4,30,n,CA
1157,2,male,S,3,36,0,0,7.8958,Mr.,2,15,n,digit
1158,2,male,S,1,54,0,0,0,Mr.,4,29,n,digit
1159,2,male,S,3,24,0,0,7.55,Mr.,3,20,n,CA
1160,2,female,S,3,21,0,0,8.05,Miss.,3,18,n,other
1161,2,male,S,3,17,0,0,8.6625,Mr.,2,11,n,digit
1162,2,male,C,1,46,0,0,75.2417,Mr.,3,21,C,digit
1163,2,male,Q,3,41,0,0,7.75,Mr.,2,10,n,digit
1164,2,female,C,1,26,1,0,136.7792,Mrs.,4,17,C,digit
1165,2,female,Q,3,6,1,0,15.5,Miss.,2,10,n,digit
1166,2,male,C,3,17,0,0,7.225,Mr.,3,14,n,digit
1167,2,female,S,2,20,1,0,26,Miss.,5,24,n,digit
1168,2,male,S,2,28,0,0,10.5,Mr.,3,21,n,other
1169,2,male,S,2,40,1,0,26,Mr.,2,15,n,digit
1170,2,male,S,2,30,1,0,21,Mr.,3,13,n,CA
1171,2,male,S,2,22,0,0,10.5,Mr.,3,18,n,W/C
1172,2,female,S,3,23,0,0,8.6625,Miss.,2,14,n,digit
1173,2,male,S,3,0.75,1,1,13.775,Master.,3,19,n,SOTON/OQ
1174,2,female,Q,3,16,0,0,7.75,Miss.,2,13,n,digit
1175,2,female,C,3,9,1,1,15.2458,Miss.,3,17,n,digit
1176,2,female,S,3,2,1,1,20.2125,Miss.,3,18,n,digit
1177,2,male,S,3,36,0,0,7.25,Mr.,2,13,n,A/5
1178,2,male,S,3,25,0,0,7.25,Mr.,3,15,n,SOTON/OQ
1179,2,male,S,1,24,1,0,82.2667,Mr.,3,19,B,digit
1180,2,male,C,3,40,0,0,7.2292,Mr.,2,17,o,digit
1181,2,male,S,3,30,0,0,8.05,Mr.,2,10,n,A/5
1182,2,male,S,1,55,0,0,39.6,Mr.,4,27,n,PC
1183,2,female,Q,3,30,0,0,6.95,Miss.,4,28,n,digit
1184,2,male,C,3,19,0,0,7.2292,Mr.,2,11,n,digit
1185,2,male,S,1,53,1,1,81.8583,Dr.,2,15,o,digit
1186,2,male,S,3,36,0,0,9.5,Mr.,2,19,n,digit
1187,2,male,S,3,26,0,0,7.8958,Mr.,2,14,n,digit
1188,2,female,C,2,1,1,2,41.5792,Miss.,2,13,n,other
1189,2,male,C,3,40,2,0,21.6792,Mr.,2,11,n,digit
1190,2,male,S,1,30,0,0,45.5,Mr.,3,19,n,digit
1191,2,male,S,3,29,0,0,7.8542,Mr.,2,13,n,digit
1192,2,male,S,3,32,0,0,7.775,Mr.,3,18,n,digit
1193,2,male,C,2,30,0,0,15.0458,Mr.,2,13,D,digit
1194,2,male,S,2,43,0,1,21,Mr.,3,20,n,SO/PP
1195,2,male,S,3,24,0,0,8.6625,Mr.,2,11,n,digit
1196,2,female,Q,3,2,0,0,7.75,Miss.,3,24,n,digit
1197,2,female,S,1,64,1,1,26.55,Mrs.,4,19,B,digit
1198,2,male,S,1,30,1,2,151.55,Mr.,4,28,C,digit
1199,2,male,S,3,0.83,0,1,9.35,Master.,3,14,n,digit
1200,2,male,S,1,55,1,1,93.5,Mr.,3,19,B,digit
1201,2,female,S,3,45,1,0,14.1083,Mrs.,4,16,n,digit
1202,2,male,S,3,18,0,0,8.6625,Mr.,3,13,n,digit
1203,2,male,C,3,22,0,0,7.225,Mr.,2,14,n,digit
1204,2,male,S,3,36,0,0,7.575,Mr.,2,13,n,other
1205,2,female,Q,3,37,0,0,7.75,Miss.,2,11,n,digit
1206,2,female,C,1,55,0,0,135.6333,Mrs.,4,15,C,PC
1207,2,female,Q,3,17,0,0,7.7333,Miss.,2,12,n,other
1208,2,male,C,1,57,1,0,146.5208,Mr.,3,22,B,PC
1209,2,male,S,2,19,0,0,10.5,Mr.,3,19,n,digit
1210,2,male,S,3,27,0,0,7.8542,Mr.,3,18,n,digit
1211,2,male,S,2,22,2,0,31.5,Mr.,3,21,n,CA
1212,2,male,S,3,26,0,0,7.775,Mr.,3,20,n,digit
1213,2,male,C,3,25,0,0,7.2292,Mr.,2,15,o,digit
1214,2,male,S,2,26,0,0,13,Mr.,2,12,o,digit
1215,2,male,S,1,33,0,0,26.55,Mr.,3,11,n,digit
1216,2,female,S,1,39,0,0,211.3375,Miss.,2,14,n,digit
1217,2,male,S,3,23,0,0,7.05,Mr.,2,8,n,SOTON/OQ
1218,2,female,S,2,12,2,1,39,Miss.,3,19,o,digit
1219,2,male,C,1,46,0,0,79.2,Mr.,3,17,n,PC
1220,2,male,S,2,29,1,0,26,Mr.,3,22,n,digit
1221,2,male,S,2,21,0,0,13,Mr.,2,13,n,digit
1222,2,female,S,2,48,0,2,36.75,Mrs.,5,16,n,CA
1223,2,male,C,1,39,0,0,29.7,Mr.,3,21,o,PC
1224,2,male,C,3,21,0,0,7.225,Mr.,2,13,n,digit
1225,2,female,C,3,19,1,1,15.7417,Mrs.,3,10,n,digit
1226,2,male,S,3,27,0,0,7.8958,Mr.,2,7,n,digit
1227,2,male,S,1,30,0,0,26,Mr.,3,17,C,digit
1228,2,male,S,2,32,0,0,13,Mr.,4,18,n,digit
1229,2,male,C,3,39,0,2,7.2292,Mr.,2,11,n,digit
1230,2,male,S,2,25,0,0,31.5,Mr.,2,14,n,CA
1231,2,male,C,3,10,0,0,7.2292,Master.,2,11,n,digit
1232,2,male,S,2,18,0,0,10.5,Mr.,3,22,n,CA
1233,2,male,S,3,32,0,0,7.5792,Mr.,3,19,n,digit
1234,2,male,S,3,16,1,9,69.55,Mr.,3,14,n,CA
1235,2,female,C,1,58,0,1,512.3292,Mrs.,5,29,B,PC
1236,2,male,S,3,0.83,1,1,14.5,Master.,4,23,n,A/5
1237,2,female,S,3,16,0,0,7.65,Miss.,3,18,n,digit
1238,2,male,S,2,26,0,0,13,Mr.,3,19,n,digit
1239,2,female,C,3,38,0,0,7.2292,Mrs.,4,18,n,digit
1240,2,male,S,2,24,0,0,13.5,Mr.,2,10,n,digit
1241,2,female,S,2,31,0,0,21,Miss.,2,14,n,FCC
1242,2,female,C,1,45,0,1,63.3583,Mrs.,4,18,D,PC
1243,2,male,S,2,25,0,0,10.5,Mr.,3,18,n,FCC
1244,2,male,S,2,18,0,0,73.5,Mr.,2,13,n,SOC
1245,2,male,S,2,49,1,2,65,Mr.,2,12,n,digit
1246,2,female,S,3,0.17,1,2,20.575,Miss.,4,29,n,CA
1247,2,male,S,1,50,0,0,26,Mr.,3,17,E,digit
1248,2,female,S,1,59,2,0,51.4792,Mrs.,4,15,C,digit
1249,2,male,S,3,32,0,0,7.8792,Mr.,2,13,n,digit
1250,2,male,Q,3,21,0,0,7.75,Mr.,2,14,n,digit
1251,2,female,S,3,30,1,0,15.55,Mrs.,4,22,n,digit
1252,2,male,S,3,14.5,8,2,69.55,Master.,3,16,n,CA
1253,2,female,C,2,24,1,1,37.0042,Mrs.,3,12,n,SC/PARIS
1254,2,female,S,2,31,0,0,21,Mrs.,4,13,n,CA
1255,2,male,S,3,27,0,0,8.6625,Mr.,2,11,n,digit
1256,2,female,C,1,25,1,0,55.4417,Mrs.,4,20,E,digit
1257,2,female,S,3,20,1,9,69.55,Mrs.,3,8,n,CA
1258,2,male,C,3,38,1,0,14.4583,Mr.,2,11,n,digit
1259,2,female,S,3,22,0,0,39.6875,Miss.,4,34,n,digit
1260,2,female,C,1,45,0,1,59.4,Mrs.,3,13,n,digit
1261,2,male,C,2,29,0,0,13.8583,Mr.,4,21,n,SC/PARIS
1262,2,male,S,2,21,1,0,11.5,Mr.,2,10,n,digit
1263,2,female,C,1,31,0,0,134.5,Miss.,3,16,E,digit
1264,2,male,S,1,49,0,0,0,Mr.,3,16,B,digit
1265,2,male,S,2,44,0,0,13,Mr.,3,15,n,digit
1266,2,female,S,1,54,1,1,81.8583,Mrs.,3,15,o,digit
1267,2,female,C,1,45,0,0,262.375,Miss.,3,15,n,PC
1268,2,female,S,3,22,2,0,8.6625,Miss.,2,9,n,digit
1269,2,male,S,2,21,0,0,11.5,Mr.,3,21,n,digit
1270,2,male,S,1,55,0,0,50,Mr.,3,20,C,digit
1271,2,male,S,3,5,4,2,31.3875,Master.,3,16,n,digit
1272,2,male,Q,3,29,0,0,7.75,Mr.,2,15,n,digit
1273,2,male,Q,3,26,0,0,7.8792,Mr.,2,11,n,digit
1274,2,female,S,3,23,0,0,14.5,Mrs.,3,12,n,digit
1275,2,female,S,3,19,1,0,16.1,Mrs.,3,11,n,digit
1276,2,male,S,2,25,0,0,12.875,Mr.,3,23,n,SC/PARIS
1277,2,female,S,2,24,1,2,65,Miss.,2,10,n,digit
1278,2,male,S,3,24,0,0,7.775,Mr.,4,22,n,digit
1279,2,male,S,2,57,0,0,13,Mr.,2,9,n,digit
1280,2,male,Q,3,21,0,0,7.75,Mr.,2,14,n,digit
1281,2,male,S,3,6,3,1,21.075,Master.,3,16,n,digit
1282,2,male,S,1,23,0,0,93.5,Mr.,3,19,B,digit
1283,2,female,S,1,51,0,1,39.4,Mrs.,4,12,D,PC
1284,2,male,S,3,13,0,2,20.25,Master.,3,18,n,CA
1285,2,male,S,2,47,0,0,10.5,Mr.,2,14,n,CA
1286,2,male,S,3,29,3,1,22.025,Mr.,2,18,n,digit
1287,2,female,S,1,18,1,0,60,Mrs.,4,17,C,digit
1288,2,male,Q,3,24,0,0,7.25,Mr.,2,14,n,digit
1289,2,female,C,1,48,1,1,79.2,Mrs.,3,26,B,digit
1290,2,male,S,3,22,0,0,7.775,Mr.,3,23,n,digit
1291,2,male,Q,3,31,0,0,7.7333,Mr.,3,17,n,digit
1292,2,female,S,1,30,0,0,164.8667,Miss.,2,15,C,digit
1293,2,male,S,2,38,1,0,21,Mr.,2,9,n,digit
1294,2,female,C,1,22,0,1,59.4,Miss.,3,21,n,digit
1295,2,male,S,1,17,0,0,47.1,Mr.,3,15,n,digit
1296,2,male,C,1,43,1,0,27.7208,Mr.,3,21,D,digit
1297,2,male,C,2,20,0,0,13.8625,Mr.,3,14,D,SC/PARIS
1298,2,male,S,2,23,1,0,10.5,Mr.,3,18,n,digit
1299,2,male,C,1,50,1,1,211.5,Mr.,3,19,C,digit
1300,2,female,Q,3,25,0,0,7.7208,Miss.,3,22,n,digit
1301,2,female,S,3,3,1,1,13.775,Miss.,2,17,n,SOTON/OQ
1302,2,female,Q,3,13,0,0,7.75,Miss.,2,14,n,digit
1303,2,female,Q,1,37,1,0,90,Mrs.,4,20,C,digit
1304,2,female,S,3,28,0,0,7.775,Miss.,3,21,n,digit
1305,2,male,S,3,30,0,0,8.05,Mr.,2,12,n,other
1306,2,female,C,1,39,0,0,108.9,Nobility,4,18,C,PC
1307,2,male,S,3,38.5,0,0,7.25,Mr.,3,21,n,SOTON/OQ
1308,2,male,S,3,26,0,0,8.05,Mr.,2,13,n,digit
1309,2,male,C,3,0.33,1,1,22.3583,Master.,3,13,n,digit
