PassengerId,ticket_category,cabin_first_letter,name_title,name_title_raw,name_word_length,name_char_length
1,A/5,n,Mr.,Mr.,3,16
2,PC,C,Mrs.,Mrs.,4,18
3,STON/O2,n,Miss.,Miss.,2,14
4,digit,C,Mrs.,Mrs.,4,20
5,digit,n,Mr.,Mr.,3,17
6,digit,n,Mr.,Mr.,2,10
7,digit,E,Mr.,Mr.,3,16
8,digit,n,Master.,Master.,3,19
9,digit,n,Mrs.,Mrs.,4,13
10,digit,n,Mrs.,Mrs.,3,14
11,other,o,Miss.,Miss.,3,22
12,digit,C,Miss.,Miss.,2,16
13,A/5,n,Mr.,Mr.,3,23
14,digit,n,Mr.,Mr.,3,20
15,digit,n,Miss.,Miss.,4,26
16,digit,n,Mrs.,Mrs.,3,7
17,digit,n,Master.,Master.,2,10
18,digit,n,Mr.,Mr.,3,21
19,digit,n,Mrs.,Mrs.,4,18
20,digit,n,Mrs.,Mrs.,2,16
21,digit,n,Mr.,Mr.,3,13
22,digit,D,Mr.,Mr.,2,15
23,digit,n,Miss.,Miss.,3,18
24,digit,o,Mr.,Mr.,3,21
25,digit,n,Miss.,Miss.,3,20
26,digit,n,Mrs.,Mrs.,4,16
27,digit,n,Mr.,Mr.,3,16
28,digit,C,Mr.,Mr.,3,23
29,digit,n,Miss.,Miss.,3,20
30,digit,n,Mr.,Mr.,2,13
31,PC,n,Nobility,Don.,3,16
32,PC,B,Mrs.,Mrs.,4,22
33,digit,n,Miss.,Miss.,3,15
34,CA,n,Mr.,Mr.,3,14
35,PC,n,Mr.,Mr.,3,16
36,digit,n,Mr.,Mr.,3,23
37,digit,n,Mr.,Mr.,2,10
38,A/5,n,Mr.,Mr.,3,17
39,digit,n,Miss.,Miss.,4,24
40,digit,n,Miss.,Miss.,2,19
41,digit,n,Mrs.,Mrs.,3,10
42,digit,n,Mrs.,Mrs.,5,23
43,digit,n,Mr.,Mr.,2,13
44,other,n,Miss.,Miss.,5,29
45,digit,n,Miss.,Miss.,3,20
46,other,n,Mr.,Mr.,3,17
47,digit,n,Mr.,Mr.,2,11
48,digit,n,Miss.,Miss.,2,17
49,digit,n,Mr.,Mr.,2,13
50,digit,n,Mrs.,Mrs.,3,19
51,digit,n,Master.,Master.,3,15
52,A/4,n,Mr.,Mr.,3,21
53,PC,D,Mrs.,Mrs.,4,18
54,digit,n,Mrs.,Mrs.,3,16
55,digit,B,Mr.,Mr.,3,23
56,digit,C,Mr.,Mr.,2,11
57,CA,n,Miss.,Miss.,2,9
58,digit,n,Mr.,Mr.,2,13
59,CA,n,Miss.,Miss.,3,19
60,CA,n,Master.,Master.,3,23
61,digit,n,Mr.,Mr.,2,15
62,digit,B,Miss.,Miss.,2,11
63,digit,C,Mr.,Mr.,3,20
64,digit,n,Master.,Master.,2,11
65,PC,n,Mr.,Mr.,3,14
66,digit,n,Master.,Master.,2,14
67,CA,o,Mrs.,Mrs.,2,3
68,other,n,Mr.,Mr.,3,17
69,digit,n,Miss.,Miss.,3,22
70,digit,n,Mr.,Mr.,2,11
71,CA,n,Mr.,Mr.,3,19
72,CA,n,Miss.,Miss.,3,17
73,SOC,n,Mr.,Mr.,3,13
74,digit,n,Mr.,Mr.,2,21
75,digit,n,Mr.,Mr.,2,7
76,digit,o,Mr.,Mr.,3,16
77,digit,n,Mr.,Mr.,2,11
78,digit,n,Mr.,Mr.,3,17
79,digit,n,Master.,Master.,3,18
80,digit,n,Miss.,Miss.,2,16
81,digit,n,Mr.,Mr.,2,14
82,digit,n,Mr.,Mr.,3,20
83,digit,n,Miss.,Miss.,3,21
84,digit,n,Mr.,Mr.,3,16
85,other,n,Miss.,Miss.,2,11
86,digit,n,Mrs.,Mrs.,4,19
87,W/C,n,Mr.,Mr.,3,15
88,SOTON/OQ,n,Mr.,Mr.,3,22
89,digit,C,Miss.,Miss.,3,17
90,digit,n,Mr.,Mr.,2,16
91,digit,n,Mr.,Mr.,2,14
92,digit,n,Mr.,Mr.,3,19
93,other,E,Mr.,Mr.,3,20
94,CA,n,Mr.,Mr.,3,16
95,digit,n,Mr.,Mr.,2,11
96,digit,n,Mr.,Mr.,3,20
97,PC,o,Mr.,Mr.,3,18
98,PC,D,Mr.,Mr.,3,24
99,digit,n,Mrs.,Mrs.,4,11
100,digit,n,Mr.,Mr.,2,11
101,digit,n,Miss.,Miss.,2,15
102,digit,n,Mr.,Mr.,3,14
103,digit,D,Mr.,Mr.,3,18
104,digit,n,Mr.,Mr.,3,19
105,digit,n,Mr.,Mr.,3,23
106,digit,n,Mr.,Mr.,2,15
107,digit,n,Miss.,Miss.,3,23
108,digit,n,Mr.,Mr.,3,15
109,digit,n,Mr.,Mr.,2,9
110,digit,n,Miss.,Miss.,2,11
111,digit,C,Mr.,Mr.,3,23
112,digit,n,Miss.,Miss.,2,12
113,digit,n,Mr.,Mr.,3,15
114,digit,n,Miss.,Miss.,2,15
115,digit,n,Miss.,Miss.,2,13
116,STON/O 2,n,Mr.,Mr.,2,15
117,digit,n,Mr.,Mr.,2,14
118,digit,n,Mr.,Mr.,4,23
119,PC,B,Mr.,Mr.,3,17
120,digit,n,Miss.,Miss.,4,23
121,SOC,n,Mr.,Mr.,3,20
122,other,n,Mr.,Mr.,3,19
123,digit,n,Mr.,Mr.,2,14
124,digit,E,Miss.,Miss.,2,11
125,digit,D,Mr.,Mr.,3,20
126,digit,n,Master.,Master.,2,18
127,digit,n,Mr.,Mr.,2,13
128,C,n,Mr.,Mr.,3,18
129,digit,o,Miss.,Miss.,2,9
130,digit,n,Mr.,Mr.,2,12
131,digit,n,Mr.,Mr.,2,14
132,SOTON/OQ,n,Mr.,Mr.,3,23
133,A/5,n,Mrs.,Mrs.,4,16
134,digit,n,Mrs.,Mrs.,3,12
135,CA,n,Mr.,Mr.,4,22
136,SC/PARIS,n,Mr.,Mr.,2,12
137,digit,D,Miss.,Miss.,3,19
138,digit,C,Mr.,Mr.,3,20
139,digit,n,Mr.,Mr.,3,12
140,PC,B,Mr.,Mr.,2,12
141,digit,n,Mrs.,Mrs.,3,12
142,digit,n,Miss.,Miss.,3,15
143,STON/O2,n,Mrs.,Mrs.,4,23
144,digit,n,Mr.,Mr.,2,13
145,digit,n,Mr.,Mr.,3,19
146,CA,n,Mr.,Mr.,3,21
147,digit,n,Mr.,Mr.,4,21
148,W/C,n,Miss.,Miss.,4,22
149,digit,o,Mr.,Mr.,3,14
150,digit,n,Rev.,Rev.,4,24
151,other,n,Rev.,Rev.,3,18
152,digit,C,Mrs.,Mrs.,3,11
153,other,n,Mr.,Mr.,2,10
154,A/5,n,Mr.,Mr.,4,23
155,other,n,Mr.,Mr.,3,14
156,PC,n,Mr.,Mr.,3,20
157,digit,n,Miss.,Miss.,3,23
158,SOTON/OQ,n,Mr.,Mr.,2,9
159,digit,n,Mr.,Mr.,2,13
160,CA,n,Master.,Master.,3,15
161,digit,n,Mr.,Mr.,3,17
162,CA,n,Mrs.,Mrs.,3,9
163,digit,n,Mr.,Mr.,3,19
164,digit,n,Mr.,Mr.,2,9
165,digit,n,Master.,Master.,3,17
166,digit,n,Master.,Master.,5,34
167,digit,E,Mrs.,Mrs.,2,8
168,digit,n,Mrs.,Mrs.,3,12
169,PC,n,Mr.,Mr.,3,12
170,digit,n,Mr.,Mr.,2,7
171,digit,B,Mr.,Mr.,4,17
172,digit,n,Master.,Master.,2,10
173,digit,n,Miss.,Miss.,3,19
174,STON/O 2,n,Mr.,Mr.,3,18
175,digit,o,Mr.,Mr.,3,16
176,digit,n,Mr.,Mr.,3,15
177,digit,n,Master.,Master.,3,18
178,PC,C,Miss.,Miss.,3,17
179,digit,n,Mr.,Mr.,2,12
180,other,n,Mr.,Mr.,2,13
181,CA,n,Miss.,Miss.,3,19
182,SC/PARIS,n,Mr.,Mr.,2,10
183,digit,n,Master.,Master.,4,25
184,digit,o,Master.,Master.,3,14
185,digit,n,Miss.,Miss.,3,26
186,digit,o,Mr.,Mr.,3,14
187,digit,n,Mrs.,Mrs.,3,13
188,digit,n,Mr.,Mr.,4,21
189,digit,n,Mr.,Mr.,2,10
190,digit,n,Mr.,Mr.,2,13
191,digit,n,Mrs.,Mrs.,2,6
192,digit,n,Mr.,Mr.,2,15
193,digit,n,Miss.,Miss.,4,37
194,digit,o,Master.,Master.,3,15
195,PC,B,Mrs.,Mrs.,4,16
196,PC,B,Miss.,Miss.,2,12
197,digit,n,Mr.,Mr.,2,13
198,digit,n,Mr.,Mr.,4,24
199,digit,n,Miss.,Miss.,3,23
200,digit,n,Miss.,Miss.,3,14
201,digit,n,Mr.,Mr.,4,22
202,CA,n,Mr.,Mr.,2,13
203,digit,n,Mr.,Mr.,3,19
204,digit,n,Mr.,Mr.,2,14
205,A/5,n,Mr.,Mr.,3,17
206,digit,o,Miss.,Miss.,3,17
207,digit,n,Mr.,Mr.,3,19
208,digit,n,Mr.,Mr.,3,20
209,digit,n,Miss.,Miss.,3,16
210,digit,o,Mr.,Mr.,2,10
211,SOTON/OQ,n,Mr.,Mr.,2,8
212,FCC,n,Miss.,Miss.,3,17
213,A/5,n,Mr.,Mr.,3,15
214,digit,n,Mr.,Mr.,3,20
215,digit,n,Mr.,Mr.,2,13
216,digit,D,Miss.,Miss.,2,15
217,STON/O2,n,Miss.,Miss.,2,14
218,digit,n,Mr.,Mr.,3,21
219,digit,D,Miss.,Miss.,2,13
220,W/C,n,Mr.,Mr.,2,12
221,SOTON/OQ,n,Mr.,Mr.,3,23
222,digit,n,Mr.,Mr.,3,13
223,digit,n,Mr.,Mr.,3,16
224,digit,n,Mr.,Mr.,2,14
225,digit,C,Mr.,Mr.,3,21
226,other,n,Mr.,Mr.,4,20
227,other,n,Mr.,Mr.,3,18
228,A/5,n,Mr.,Mr.,4,14
229,digit,n,Mr.,Mr.,3,18
230,digit,n,Miss.,Miss.,2,15
231,digit,C,Mrs.,Mrs.,4,20
232,digit,n,Mr.,Mr.,3,17
233,digit,n,Mr.,Mr.,3,18
234,digit,n,Miss.,Miss.,3,21
235,CA,n,Mr.,Mr.,4,25
236,W/C,n,Miss.,Miss.,3,19
237,digit,n,Mr.,Mr.,2,11
238,CA,n,Miss.,Miss.,3,23
239,digit,n,Mr.,Mr.,3,24
240,other,n,Mr.,Mr.,3,15
241,digit,n,Miss.,Miss.,2,13
242,digit,n,Miss.,Miss.,3,21
243,W/C,n,Mr.,Mr.,3,24
244,STON/O 2,n,Mr.,Mr.,3,22
245,digit,n,Mr.,Mr.,2,14
246,digit,C,Dr.,Dr.,3,20
247,digit,n,Miss.,Miss.,4,27
248,digit,n,Mrs.,Mrs.,3,17
249,digit,D,Mr.,Mr.,3,22
250,digit,n,Rev.,Rev.,3,21
251,digit,n,Mr.,Mr.,3,15
252,digit,o,Mrs.,Mrs.,3,12
253,digit,C,Mr.,Mr.,3,18
254,A/5,n,Mr.,Mr.,3,17
255,digit,n,Mrs.,Mrs.,3,13
256,digit,n,Mrs.,Mrs.,3,11
257,PC,n,Mrs.,Mrs.,3,22
258,digit,B,Miss.,Miss.,2,12
259,PC,n,Miss.,Miss.,2,8
260,digit,n,Mrs.,Mrs.,2,7
261,digit,n,Mr.,Mr.,2,11
262,digit,n,Master.,Master.,4,21
263,digit,E,Mr.,Mr.,2,11
264,digit,B,Mr.,Mr.,2,15
265,digit,n,Miss.,Miss.,2,10
266,CA,n,Mr.,Mr.,2,11
267,digit,n,Mr.,Mr.,3,18
268,digit,n,Mr.,Mr.,3,17
269,PC,C,Mrs.,Mrs.,4,21
270,PC,C,Miss.,Miss.,2,14
271,digit,n,Mr.,Mr.,2,15
272,other,n,Mr.,Mr.,3,21
273,digit,n,Mrs.,Mrs.,2,9
274,PC,C,Mr.,Mr.,3,14
275,digit,n,Miss.,Miss.,3,17
276,digit,D,Miss.,Miss.,3,24
277,digit,n,Miss.,Miss.,3,24
278,digit,n,Mr.,Mr.,3,20
279,digit,n,Master.,Master.,2,8
280,CA,n,Mrs.,Mrs.,3,13
281,digit,n,Mr.,Mr.,2,10
282,digit,n,Mr.,Mr.,4,24
283,digit,n,Mr.,Mr.,3,18
284,A/5,n,Mr.,Mr.,3,19
285,digit,o,Mr.,Mr.,3,19
286,digit,n,Mr.,Mr.,2,13
287,digit,n,Mr.,Mr.,3,16
288,digit,n,Mr.,Mr.,2,14
289,digit,n,Mr.,Mr.,2,14
290,digit,n,Miss.,Miss.,2,12
291,digit,n,Miss.,Miss.,3,19
292,digit,B,Mrs.,Mrs.,4,16
293,other,D,Mr.,Mr.,3,15
294,digit,n,Miss.,Miss.,2,11
295,digit,n,Mr.,Mr.,2,10
296,PC,n,Mr.,Mr.,3,10
297,digit,n,Mr.,Mr.,2,12
298,digit,C,Miss.,Miss.,3,19
299,digit,C,Mr.,Mr.,2,15
300,PC,B,Mrs.,Mrs.,3,11
301,digit,n,Miss.,Miss.,5,29
302,digit,n,Mr.,Mr.,2,12
303,other,n,Mr.,Mr.,4,23
304,digit,E,Miss.,Miss.,3,10
305,A/5,n,Mr.,Mr.,4,25
306,digit,C,Master.,Master.,3,19
307,digit,n,Miss.,Miss.,2,15
308,PC,C,Mrs.,Mrs.,5,32
309,other,n,Mr.,Mr.,2,13
310,PC,E,Miss.,Miss.,3,21
311,digit,C,Miss.,Miss.,3,21
312,PC,B,Miss.,Miss.,3,17
313,digit,n,Mrs.,Mrs.,3,15
314,digit,n,Mr.,Mr.,2,16
315,FCC,n,Mr.,Mr.,2,12
316,digit,n,Miss.,Miss.,3,22
317,digit,n,Mrs.,Mrs.,3,11
318,digit,n,Dr.,Dr.,2,14
319,digit,C,Miss.,Miss.,3,15
320,digit,E,Mrs.,Mrs.,4,21
321,A/5,n,Mr.,Mr.,2,12
322,digit,n,Mr.,Mr.,2,10
323,digit,n,Miss.,Miss.,3,16
324,digit,n,Mrs.,Mrs.,4,21
325,CA,n,Mr.,Mr.,4,16
326,PC,C,Miss.,Miss.,3,15
327,digit,n,Mr.,Mr.,3,18
328,digit,D,Mrs.,Mrs.,2,4
329,digit,n,Mrs.,Mrs.,4,18
330,digit,B,Miss.,Miss.,3,19
331,digit,n,Miss.,Miss.,2,10
332,digit,C,Mr.,Mr.,2,13
333,PC,C,Mr.,Mr.,3,18
334,digit,n,Mr.,Mr.,4,23
335,PC,n,Mrs.,Mrs.,4,22
336,digit,n,Mr.,Mr.,2,12
337,digit,C,Mr.,Mr.,3,18
338,digit,E,Miss.,Miss.,3,22
339,digit,n,Mr.,Mr.,3,14
340,digit,o,Mr.,Mr.,3,21
341,digit,o,Master.,Master.,3,19
342,digit,C,Miss.,Miss.,3,21
343,digit,n,Mr.,Mr.,3,19
344,digit,n,Mr.,Mr.,4,34
345,digit,n,Mr.,Mr.,3,16
346,digit,o,Miss.,Miss.,3,20
347,digit,n,Miss.,Miss.,3,16
348,digit,n,Mrs.,Mrs.,4,18
349,CA,n,Master.,Master.,4,26
350,digit,n,Mr.,Mr.,2,10
351,digit,n,Mr.,Mr.,3,15
352,digit,C,Mr.,Mr.,3,31
353,digit,n,Mr.,Mr.,2,12
354,digit,n,Mr.,Mr.,2,19
355,digit,n,Mr.,Mr.,2,11
356,digit,n,Mr.,Mr.,4,19
357,digit,E,Miss.,Miss.,3,18
358,digit,n,Miss.,Miss.,3,16
359,digit,n,Miss.,Miss.,2,12
360,digit,n,Miss.,Miss.,4,23
361,digit,n,Mr.,Mr.,2,12
362,SC/PARIS,n,Mr.,Mr.,3,18
363,digit,n,Mrs.,Mrs.,2,7
364,SOTON/OQ,n,Mr.,Mr.,2,9
365,digit,n,Mr.,Mr.,2,13
366,C,n,Mr.,Mr.,4,22
367,digit,D,Mrs.,Mrs.,4,17
368,digit,n,Mrs.,Mrs.,2,6
369,digit,n,Miss.,Miss.,2,11
370,PC,B,Mrs.,Mme.,3,21
371,digit,E,Mr.,Mr.,3,20
372,digit,n,Mr.,Mr.,3,18
373,digit,n,Mr.,Mr.,3,19
374,PC,n,Mr.,Mr.,2,13
375,digit,n,Miss.,Miss.,3,17
376,PC,n,Mrs.,Mrs.,4,16
377,C,n,Miss.,Miss.,3,22
378,digit,C,Mr.,Mr.,3,18
379,digit,n,Mr.,Mr.,2,13
380,digit,n,Mr.,Mr.,3,20
381,PC,n,Miss.,Miss.,2,13
382,digit,n,Miss.,Miss.,3,10
383,STON/O 2,n,Mr.,Mr.,2,12
384,digit,n,Mrs.,Mrs.,4,23
385,digit,n,Mr.,Mr.,2,16
386,SOC,n,Mr.,Mr.,3,18
387,CA,n,Master.,Master.,3,20
388,digit,n,Miss.,Miss.,2,8
389,digit,n,Mr.,Mr.,2,14
390,other,n,Miss.,Miss.,2,13
391,digit,B,Mr.,Mr.,3,19
392,digit,n,Mr.,Mr.,3,15
393,digit,n,Mr.,Mr.,3,21
394,digit,D,Miss.,Miss.,2,14
395,other,o,Mrs.,Mrs.,3,16
396,digit,n,Mr.,Mr.,2,13
397,digit,n,Miss.,Miss.,2,11
398,digit,n,Mr.,Mr.,3,16
399,digit,n,Dr.,Dr.,2,10
400,digit,n,Mrs.,Mrs.,4,13
401,STON/O 2,n,Mr.,Mr.,2,12
402,digit,n,Mr.,Mr.,2,9
403,digit,n,Miss.,Miss.,3,15
404,STON/O2,n,Mr.,Mr.,3,23
405,digit,n,Miss.,Miss.,2,15
406,digit,n,Mr.,Mr.,2,12
407,digit,n,Mr.,Mr.,3,25
408,digit,n,Master.,Master.,3,19
409,digit,n,Mr.,Mr.,4,25
410,digit,n,Miss.,Miss.,2,10
411,digit,n,Mr.,Mr.,2,12
412,digit,n,Mr.,Mr.,2,9
413,digit,C,Miss.,Miss.,3,13
414,digit,n,Mr.,Mr.,3,23
415,STON/O 2,n,Mr.,Mr.,3,18
416,digit,n,Mrs.,Mrs.,3,10
417,digit,n,Mrs.,Mrs.,4,15
418,digit,n,Miss.,Miss.,3,20
419,digit,n,Mr.,Mr.,3,19
420,digit,n,Miss.,Miss.,3,16
421,digit,n,Mr.,Mr.,2,16
422,A/5,n,Mr.,Mr.,2,13
423,digit,n,Mr.,Mr.,2,12
424,digit,n,Mrs.,Mrs.,4,18
425,digit,n,Mr.,Mr.,3,20
426,A/4,n,Mr.,Mr.,2,16
427,digit,n,Mrs.,Mrs.,4,14
428,digit,n,Miss.,Miss.,4,20
429,digit,n,Mr.,Mr.,2,10
430,SOTON/OQ,E,Mr.,Mr.,3,11
431,digit,C,Mr.,Mr.,3,34
432,digit,n,Mrs.,Mrs.,3,20
433,other,n,Mrs.,Mrs.,4,21
434,STON/O 2,n,Mr.,Mr.,3,19
435,digit,E,Mr.,Mr.,3,18
436,digit,B,Miss.,Miss.,3,16
437,W/C,n,Miss.,Miss.,4,26
438,digit,n,Mrs.,Mrs.,3,14
439,digit,C,Mr.,Mr.,2,11
440,CA,n,Mr.,Mr.,4,30
441,FCC,n,Mrs.,Mrs.,3,12
442,digit,n,Mr.,Mr.,2,9
443,digit,n,Mr.,Mr.,3,18
444,digit,n,Miss.,Ms.,2,19
445,digit,n,Mr.,Mr.,2,27
446,digit,o,Master.,Master.,2,15
447,digit,n,Miss.,Miss.,3,24
448,digit,n,Mr.,Mr.,3,20
449,digit,n,Miss.,Miss.,3,21
450,digit,C,Military,Major.,3,20
451,CA,n,Mr.,Mr.,3,14
452,digit,n,Mr.,Mr.,4,23
453,digit,C,Mr.,Mr.,3,24
454,digit,C,Mr.,Mr.,3,17
455,A/5,n,Mr.,Mr.,2,13
456,digit,n,Mr.,Mr.,2,12
457,digit,E,Mr.,Mr.,3,18
458,digit,D,Mrs.,Mrs.,4,16
459,FCC,n,Miss.,Miss.,2,11
460,digit,n,Mr.,Mr.,2,15
461,digit,E,Mr.,Mr.,2,13
462,digit,n,Mr.,Mr.,2,13
463,digit,E,Mr.,Mr.,3,10
464,digit,n,Mr.,Mr.,3,21
465,other,n,Mr.,Mr.,2,12
466,SOTON/OQ,n,Mr.,Mr.,3,24
467,digit,n,Mr.,Mr.,2,15
468,digit,n,Mr.,Mr.,3,19
469,digit,n,Mr.,Mr.,2,12
470,digit,n,Miss.,Miss.,3,20
471,digit,n,Mr.,Mr.,2,11
472,digit,n,Mr.,Mr.,2,9
473,CA,n,Mrs.,Mrs.,4,14
474,other,D,Mrs.,Mrs.,4,11
475,digit,n,Miss.,Miss.,3,18
476,digit,o,Mr.,Mr.,3,20
477,digit,n,Mr.,Mr.,3,16
478,digit,n,Mr.,Mr.,3,18
479,digit,n,Mr.,Mr.,3,18
480,digit,n,Miss.,Miss.,3,15
481,CA,n,Master.,Master.,3,19
482,digit,n,Mr.,Mr.,4,24
483,A/5,n,Mr.,Mr.,3,17
484,digit,n,Mrs.,Mrs.,2,7
485,digit,B,Mr.,Mr.,3,16
486,digit,n,Miss.,Miss.,2,14
487,digit,C,Mrs.,Mrs.,4,21
488,digit,B,Mr.,Mr.,3,16
489,other,n,Mr.,Mr.,3,22
490,CA,n,Master.,Master.,4,25
491,digit,n,Mr.,Mr.,4,28
492,SOTON/OQ,n,Mr.,Mr.,2,13
493,digit,C,Mr.,Mr.,3,19
494,PC,n,Mr.,Mr.,2,17
495,A/4,n,Mr.,Mr.,3,19
496,digit,n,Mr.,Mr.,2,15
497,digit,D,Miss.,Miss.,3,21
498,CA,n,Mr.,Mr.,3,24
499,digit,C,Mrs.,Mrs.,5,15
500,digit,n,Mr.,Mr.,2,12
501,digit,n,Mr.,Mr.,2,10
502,digit,n,Miss.,Miss.,2,11
503,digit,n,Miss.,Miss.,3,21
504,digit,n,Miss.,Miss.,3,21
505,digit,B,Miss.,Miss.,2,13
506,PC,C,Mr.,Mr.,5,32
507,digit,n,Mrs.,Mrs.,4,21
508,digit,n,Mr.,Mr.,3,13
509,C,n,Mr.,Mr.,3,17
510,digit,n,Mr.,Mr.,2,8
511,digit,n,Mr.,Mr.,3,17
512,SOTON/OQ,n,Mr.,Mr.,2,11
513,PC,E,Mr.,Mr.,3,18
514,PC,n,Mrs.,Mrs.,3,16
515,digit,n,Mr.,Mr.,2,11
516,digit,D,Mr.,Mr.,3,21
517,CA,o,Mrs.,Mrs.,2,6
518,digit,n,Mr.,Mr.,2,11
519,digit,n,Mrs.,Mrs.,4,13
520,digit,n,Mr.,Mr.,2,13
521,digit,B,Miss.,Miss.,2,13
522,digit,n,Mr.,Mr.,2,9
523,digit,n,Mr.,Mr.,2,12
524,digit,B,Mrs.,Mrs.,4,18
525,digit,n,Mr.,Mr.,2,11
526,digit,n,Mr.,Mr.,2,12
527,W/C,n,Miss.,Miss.,2,12
528,PC,C,Mr.,Mr.,2,12
529,digit,n,Mr.,Mr.,3,18
530,digit,n,Mr.,Mr.,3,20
531,digit,n,Miss.,Miss.,3,15
532,digit,n,Mr.,Mr.,2,11
533,digit,n,Mr.,Mr.,3,13
534,digit,n,Mrs.,Mrs.,3,14
535,digit,n,Miss.,Miss.,2,11
536,FCC,n,Miss.,Miss.,3,13
537,digit,B,Military,Major.,3,23
538,PC,n,Miss.,Miss.,2,11
539,digit,n,Mr.,Mr.,3,17
540,digit,B,Miss.,Miss.,3,25
541,other,B,Miss.,Miss.,3,14
542,digit,n,Miss.,Miss.,3,27
543,digit,n,Miss.,Miss.,3,24
544,digit,n,Mr.,Mr.,2,11
545,PC,C,Mr.,Mr.,3,19
546,digit,n,Mr.,Mr.,3,21
547,digit,n,Mrs.,Mrs.,3,11
548,SC/PARIS,n,Mr.,Mr.,4,18
549,digit,n,Mr.,Mr.,3,18
550,CA,n,Master.,Master.,4,18
551,digit,C,Mr.,Mr.,4,19
552,digit,n,Mr.,Mr.,4,19
553,digit,n,Mr.,Mr.,2,14
554,digit,n,Mr.,Mr.,3,10
555,digit,n,Miss.,Miss.,2,10
556,digit,n,Mr.,Mr.,2,12
557,digit,o,Nobility,Lady.,3,10
558,PC,n,Mr.,Mr.,2,13
559,digit,E,Mrs.,Mrs.,3,11
560,digit,n,Mrs.,Mrs.,5,28
561,digit,n,Mr.,Mr.,3,17
562,digit,n,Mr.,Mr.,2,11
563,digit,n,Mr.,Mr.,3,19
564,SOTON/OQ,n,Mr.,Mr.,2,11
565,SOTON/OQ,n,Miss.,Miss.,2,8
566,A/4,n,Mr.,Mr.,3,13
567,digit,n,Mr.,Mr.,2,14
568,digit,n,Mrs.,Mrs.,3,11
569,digit,n,Mr.,Mr.,2,13
570,digit,n,Mr.,Mr.,2,11
571,other,n,Mr.,Mr.,2,12
572,digit,C,Mrs.,Mrs.,4,18
573,PC,E,Mr.,Mr.,4,14
574,digit,n,Miss.,Miss.,2,9
575,A/4,n,Mr.,Mr.,4,20
576,digit,n,Mr.,Mr.,2,14
577,digit,n,Miss.,Miss.,2,12
578,digit,E,Mrs.,Mrs.,4,18
579,digit,n,Mrs.,Mrs.,3,11
580,STON/O 2,n,Mr.,Mr.,2,13
581,digit,n,Miss.,Miss.,3,18
582,digit,C,Mrs.,Mrs.,4,17
583,digit,n,Mr.,Mr.,3,19
584,digit,o,Mr.,Mr.,3,12
585,digit,n,Mr.,Mr.,2,13
586,digit,E,Miss.,Miss.,2,11
587,digit,n,Mr.,Mr.,3,16
588,digit,B,Mr.,Mr.,2,26
589,digit,n,Mr.,Mr.,2,15
590,A/5,n,Mr.,Mr.,2,13
591,STON/O 2,n,Mr.,Mr.,2,14
592,digit,D,Mrs.,Mrs.,4,23
593,A/5,n,Mr.,Mr.,3,19
594,digit,n,Miss.,Miss.,2,10
595,other,n,Mr.,Mr.,3,16
596,digit,n,Mr.,Mr.,4,19
597,digit,n,Miss.,Miss.,3,17
598,other,n,Mr.,Mr.,2,13
599,digit,n,Mr.,Mr.,2,11
600,PC,o,Nobility,Sir.,5,21
601,digit,n,Mrs.,Mrs.,4,21
602,digit,n,Mr.,Mr.,2,14
603,digit,n,Mr.,Mr.,3,18
604,digit,n,Mr.,Mr.,3,18
605,digit,n,Mr.,Mr.,3,10
606,digit,n,Mr.,Mr.,3,22
607,digit,n,Mr.,Mr.,2,11
608,digit,n,Mr.,Mr.,3,20
609,other,n,Mrs.,Mrs.,3,13
610,PC,C,Miss.,Miss.,3,16
611,digit,n,Mrs.,Mrs.,4,20
612,SOTON/OQ,n,Mr.,Mr.,3,14
613,digit,n,Miss.,Miss.,3,18
614,digit,n,Mr.,Mr.,2,10
615,digit,n,Mr.,Mr.,3,24
616,digit,n,Miss.,Miss.,2,11
617,digit,n,Mr.,Mr.,3,18
618,A/5,n,Mrs.,Mrs.,4,17
619,digit,o,Miss.,Miss.,3,18
620,digit,n,Mr.,Mr.,2,13
621,digit,n,Mr.,Mr.,2,13
622,digit,D,Mr.,Mr.,4,20
623,digit,n,Mr.,Mr.,2,10
624,digit,n,Mr.,Mr.,3,20
625,digit,n,Mr.,Mr.,4,19
626,digit,D,Mr.,Mr.,2,15
627,digit,n,Rev.,Rev.,3,22
628,digit,D,Miss.,Miss.,3,20
629,digit,n,Mr.,Mr.,2,19
630,digit,n,Mr.,Mr.,3,17
631,digit,o,Mr.,Mr.,4,28
632,digit,n,Mr.,Mr.,3,20
633,digit,B,Dr.,Dr.,2,19
634,digit,n,Mr.,Mr.,4,21
635,digit,n,Miss.,Miss.,2,10
636,digit,n,Miss.,Miss.,2,9
637,STON/O 2,n,Mr.,Mr.,3,19
638,CA,n,Mr.,Mr.,2,13
639,digit,n,Mrs.,Mrs.,3,10
640,digit,n,Mr.,Mr.,2,20
641,digit,n,Mr.,Mr.,3,15
642,PC,B,Miss.,Mlle.,2,12
643,digit,n,Miss.,Miss.,3,20
644,digit,n,Mr.,Mr.,2,9
645,digit,n,Miss.,Miss.,2,14
646,PC,D,Mr.,Mr.,3,18
647,digit,n,Mr.,Mr.,2,11
648,digit,o,Military,Col.,3,27
649,SO/PP,n,Mr.,Mr.,2,12
650,CA,n,Miss.,Miss.,4,21
651,digit,n,Mr.,Mr.,2,11
652,digit,n,Miss.,Miss.,2,11
653,digit,n,Mr.,Mr.,3,23
654,digit,n,Miss.,Miss.,3,20
655,digit,n,Miss.,Miss.,3,19
656,SOC,n,Mr.,Mr.,3,18
657,digit,n,Mr.,Mr.,2,15
658,digit,n,Mrs.,Mrs.,3,10
659,digit,n,Mr.,Mr.,3,21
660,digit,D,Mr.,Mr.,3,19
661,PC,n,Dr.,Dr.,3,22
662,digit,n,Mr.,Mr.,2,11
663,digit,E,Mr.,Mr.,3,19
664,digit,n,Mr.,Mr.,2,10
665,STON/O 2,n,Mr.,Mr.,3,20
666,SOC,n,Mr.,Mr.,2,12
667,digit,n,Mr.,Mr.,3,20
668,digit,n,Mr.,Mr.,3,19
669,A/5,n,Mr.,Mr.,2,9
670,digit,C,Mrs.,Mrs.,4,17
671,digit,n,Mrs.,Mrs.,5,25
672,other,B,Mr.,Mr.,2,16
673,CA,n,Mr.,Mr.,3,20
674,digit,n,Mr.,Mr.,2,15
675,digit,n,Mr.,Mr.,3,19
676,digit,n,Mr.,Mr.,3,23
677,digit,n,Mr.,Mr.,3,22
678,digit,n,Miss.,Miss.,3,14
679,CA,n,Mrs.,Mrs.,3,16
680,PC,B,Mr.,Mr.,4,26
681,digit,n,Miss.,Miss.,2,11
682,PC,D,Mr.,Mr.,2,12
683,digit,n,Mr.,Mr.,3,20
684,CA,n,Mr.,Mr.,3,20
685,digit,n,Mr.,Mr.,4,25
686,other,n,Mr.,Mr.,4,30
687,digit,n,Mr.,Mr.,3,17
688,digit,n,Mr.,Mr.,2,11
689,digit,n,Mr.,Mr.,3,24
690,digit,B,Miss.,Miss.,3,24
691,digit,B,Mr.,Mr.,3,16
692,digit,n,Miss.,Miss.,2,10
693,digit,n,Mr.,Mr.,2,6
694,digit,n,Mr.,Mr.,2,10
695,digit,n,Military,Col.,2,8
696,digit,n,Mr.,Mr.,3,19
697,digit,n,Mr.,Mr.,2,10
698,digit,n,Miss.,Miss.,3,23
699,digit,C,Mr.,Mr.,3,17
700,digit,o,Mr.,Mr.,5,31
701,PC,C,Mrs.,Mrs.,4,14
702,PC,E,Mr.,Mr.,3,25
703,digit,n,Miss.,Miss.,2,13
704,digit,n,Mr.,Mr.,2,15
705,digit,n,Mr.,Mr.,3,16
706,digit,n,Mr.,Mr.,4,17
707,digit,n,Mrs.,Mrs.,3,21
708,PC,E,Mr.,Mr.,3,26
709,digit,n,Miss.,Miss.,2,12
710,digit,n,Master.,Master.,4,19
711,PC,C,Miss.,Mlle.,4,19
712,digit,C,Mr.,Mr.,2,12
713,digit,C,Mr.,Mr.,3,17
714,digit,n,Mr.,Mr.,3,19
715,digit,n,Mr.,Mr.,2,15
716,digit,o,Mr.,Mr.,5,33
717,PC,C,Miss.,Miss.,3,20
718,digit,E,Miss.,Miss.,4,25
719,digit,n,Mr.,Mr.,2,13
720,digit,n,Mr.,Mr.,3,21
721,digit,n,Miss.,Miss.,4,23
722,digit,n,Mr.,Mr.,3,18
723,digit,n,Mr.,Mr.,3,21
724,digit,n,Mr.,Mr.,3,16
725,digit,E,Mr.,Mr.,3,22
726,digit,n,Mr.,Mr.,2,13
727,digit,n,Mrs.,Mrs.,4,16
728,digit,n,Miss.,Miss.,2,16
729,digit,n,Mr.,Mr.,4,23
730,STON/O2,n,Miss.,Miss.,3,20
731,digit,B,Miss.,Miss.,3,20
732,digit,n,Mr.,Mr.,4,16
733,digit,n,Mr.,Mr.,3,13
734,digit,n,Mr.,Mr.,3,19
735,digit,n,Mr.,Mr.,3,21
736,digit,n,Mr.,Mr.,2,14
737,W/C,n,Mrs.,Mrs.,3,10
738,PC,B,Mr.,Mr.,3,15
739,digit,n,Mr.,Mr.,2,12
740,digit,n,Mr.,Mr.,2,12
741,digit,D,Mr.,Mr.,3,20
742,digit,C,Mr.,Mr.,3,22
743,PC,B,Miss.,Miss.,4,27
744,digit,n,Mr.,Mr.,2,11
745,STON/O 2,n,Mr.,Mr.,2,12
746,other,B,Military,Capt.,3,19
747,CA,n,Mr.,Mr.,3,20
748,digit,n,Miss.,Miss.,2,13
749,digit,D,Mr.,Mr.,3,18
750,digit,n,Mr.,Mr.,2,17
751,digit,n,Miss.,Miss.,2,9
752,digit,E,Master.,Master.,2,9
753,digit,n,Mr.,Mr.,4,24
754,digit,n,Mr.,Mr.,2,12
755,digit,n,Mrs.,Mrs.,3,12
756,digit,n,Master.,Master.,2,15
757,digit,n,Mr.,Mr.,3,21
758,digit,n,Mr.,Mr.,3,17
759,digit,n,Mr.,Mr.,3,21
760,digit,B,Nobility,Countess.,4,11
761,digit,n,Mr.,Mr.,2,12
762,other,n,Mr.,Mr.,4,22
763,digit,n,Mr.,Mr.,3,14
764,digit,B,Mrs.,Mrs.,4,19
765,digit,n,Mr.,Mr.,3,15
766,digit,D,Mrs.,Mrs.,4,13
767,digit,n,Dr.,Dr.,3,18
768,digit,n,Miss.,Miss.,2,10
769,digit,n,Mr.,Mr.,3,12
770,digit,n,Mr.,Mr.,3,25
771,digit,n,Mr.,Mr.,3,15
772,digit,n,Mr.,Mr.,3,16
773,SO/PP,E,Mrs.,Mrs.,2,4
774,digit,n,Mr.,Mr.,2,9
775,digit,n,Mrs.,Mrs.,3,16
776,digit,n,Mr.,Mr.,5,30
777,digit,o,Mr.,Mr.,2,10
778,digit,n,Miss.,Miss.,3,20
779,digit,n,Mr.,Mr.,3,16
780,digit,B,Mrs.,Mrs.,4,17
781,digit,n,Miss.,Miss.,2,12
782,digit,B,Mrs.,Mrs.,4,16
783,digit,D,Mr.,Mr.,3,15
784,W/C,n,Mr.,Mr.,3,15
785,SOTON/OQ,n,Mr.,Mr.,2,10
786,digit,n,Mr.,Mr.,3,13
787,digit,n,Miss.,Miss.,3,16
788,digit,n,Master.,Master.,3,14
789,CA,n,Master.,Master.,3,15
790,PC,B,Mr.,Mr.,2,18
791,digit,n,Mr.,Mr.,3,17
792,digit,n,Mr.,Mr.,2,13
793,CA,n,Miss.,Miss.,3,14
794,PC,n,Mr.,Mr.,3,17
795,digit,n,Mr.,Mr.,2,15
796,digit,n,Mr.,Mr.,2,12
797,digit,D,Dr.,Dr.,3,11
798,digit,n,Mrs.,Mrs.,2,9
799,digit,n,Mr.,Mr.,3,21
800,digit,n,Mrs.,Mrs.,5,19
801,digit,n,Mr.,Mr.,2,14
802,CA,n,Mrs.,Mrs.,3,13
803,digit,B,Master.,Master.,4,23
804,digit,n,Master.,Master.,3,20
805,digit,n,Mr.,Mr.,3,16
806,digit,n,Mr.,Mr.,3,18
807,digit,o,Mr.,Mr.,3,15
808,digit,n,Miss.,Miss.,3,22
809,digit,n,Mr.,Mr.,2,11
810,digit,E,Mrs.,Mrs.,4,22
811,digit,n,Mr.,Mr.,2,16
812,A/4,n,Mr.,Mr.,2,11
813,digit,n,Mr.,Mr.,3,18
814,digit,n,Miss.,Miss.,4,24
815,digit,n,Mr.,Mr.,3,19
816,digit,B,Mr.,Mr.,2,10
817,STON/O2,n,Miss.,Miss.,3,19
818,SC/PARIS,n,Mr.,Mr.,2,12
819,C,n,Mr.,Mr.,4,24
820,digit,n,Master.,Master.,3,17
821,digit,B,Mrs.,Mrs.,4,19
822,digit,n,Mr.,Mr.,2,11
823,digit,n,Nobility,Jonkheer.,3,18
824,digit,E,Mrs.,Mrs.,2,4
825,digit,n,Master.,Master.,3,17
826,digit,n,Mr.,Mr.,2,9
827,digit,n,Mr.,Mr.,2,6
828,SC/PARIS,n,Master.,Master.,2,11
829,digit,n,Mr.,Mr.,3,21
830,digit,B,Mrs.,Mrs.,4,17
831,digit,n,Mrs.,Mrs.,3,13
832,digit,n,Master.,Master.,3,20
833,digit,n,Mr.,Mr.,2,8
834,digit,n,Mr.,Mr.,2,16
835,digit,n,Mr.,Mr.,3,15
836,PC,E,Miss.,Miss.,3,18
837,digit,n,Mr.,Mr.,2,10
838,digit,n,Mr.,Mr.,2,13
839,digit,n,Mr.,Mr.,2,9
840,digit,C,Mr.,Mr.,2,14
841,other,n,Mr.,Mr.,3,20
842,SO/PP,n,Mr.,Mr.,3,17
843,digit,n,Miss.,Miss.,2,15
844,digit,n,Mr.,Mr.,3,19
845,digit,n,Mr.,Mr.,2,13
846,CA,n,Mr.,Mr.,2,13
847,CA,n,Mr.,Mr.,3,17
848,digit,n,Mr.,Mr.,2,12
849,digit,n,Rev.,Rev.,2,10
850,digit,C,Mrs.,Mrs.,4,17
851,digit,n,Master.,Master.,4,27
852,digit,n,Mr.,Mr.,2,13
853,digit,n,Miss.,Miss.,2,15
854,PC,D,Miss.,Miss.,3,16
855,digit,n,Mrs.,Mrs.,4,21
856,digit,n,Mrs.,Mrs.,3,6
857,digit,n,Mrs.,Mrs.,4,17
858,digit,E,Mr.,Mr.,4,14
859,digit,n,Mrs.,Mrs.,3,14
860,digit,n,Mr.,Mr.,2,10
861,digit,n,Mr.,Mr.,3,16
862,digit,n,Mr.,Mr.,3,20
863,digit,D,Mrs.,Mrs.,4,18
864,CA,n,Miss.,Miss.,4,23
865,digit,n,Mr.,Mr.,3,15
866,digit,n,Mrs.,Mrs.,2,7
867,SC/PARIS,n,Miss.,Miss.,4,18
868,PC,o,Mr.,Mr.,4,28
869,digit,n,Mr.,Mr.,3,20
870,digit,n,Master.,Master.,3,20
871,digit,n,Mr.,Mr.,2,11
872,digit,D,Mrs.,Mrs.,4,22
873,digit,B,Mr.,Mr.,3,17
874,digit,n,Mr.,Mr.,3,20
875,other,n,Mrs.,Mrs.,3,13
876,digit,n,Miss.,Miss.,4,22
877,digit,n,Mr.,Mr.,3,22
878,digit,n,Mr.,Mr.,2,14
879,digit,n,Mr.,Mr.,2,12
880,digit,C,Mrs.,Mrs.,4,14
881,digit,n,Mrs.,Mrs.,3,14
882,digit,n,Mr.,Mr.,2,12
883,digit,n,Miss.,Miss.,3,19
884,other,n,Mr.,Mr.,3,22
885,SOTON/OQ,n,Mr.,Mr.,3,15
886,digit,n,Mrs.,Mrs.,3,11
887,digit,n,Rev.,Rev.,2,14
888,digit,B,Miss.,Miss.,3,19
889,W/C,n,Miss.,Miss.,4,30
890,digit,C,Mr.,Mr.,3,14
891,digit,n,Mr.,Mr.,2,13
892,digit,n,Mr.,Mr.,2,10
893,digit,n,Mrs.,Mrs.,3,11
894,digit,n,Mr.,Mr.,3,18
895,digit,n,Mr.,Mr.,2,10
896,digit,n,Mrs.,Mrs.,3,17
897,digit,n,Mr.,Mr.,3,19
898,digit,n,Miss.,Miss.,2,12
899,digit,n,Mr.,Mr.,3,21
900,digit,n,Mrs.,Mrs.,3,13
901,A/4,n,Mr.,Mr.,3,16
902,digit,n,Mr.,Mr.,2,10
903,digit,n,Mr.,Mr.,3,19
904,digit,B,Mrs.,Mrs.,4,19
905,digit,n,Mr.,Mr.,2,14
906,other,E,Mrs.,Mrs.,4,20
907,SC/PARIS,n,Mrs.,Mrs.,4,18
908,digit,n,Mr.,Mr.,2,11
909,digit,n,Mr.,Mr.,2,11
910,STON/O2,n,Miss.,Miss.,3,19
911,digit,n,Mrs.,Mrs.,4,19
912,PC,n,Mr.,Mr.,2,16
913,C,n,Master.,Master.,3,14
914,PC,n,Mrs.,Mrs.,3,16
915,PC,n,Mr.,Mr.,4,23
916,PC,B,Mrs.,Mrs.,4,19
917,A/5,n,Mr.,Mr.,3,16
918,digit,B,Miss.,Miss.,3,19
919,digit,n,Mr.,Mr.,2,11
920,digit,o,Mr.,Mr.,3,16
921,digit,n,Mr.,Mr.,2,11
922,other,n,Mr.,Mr.,3,21
923,CA,n,Mr.,Mr.,3,22
924,CA,n,Mrs.,Mrs.,3,11
925,W/C,n,Mrs.,Mrs.,4,16
926,digit,C,Mr.,Mr.,3,17
927,digit,n,Mr.,Mr.,3,19
928,digit,n,Miss.,Miss.,3,10
929,digit,n,Miss.,Miss.,2,10
930,digit,n,Mr.,Mr.,2,9
931,digit,n,Mr.,Mr.,2,7
932,digit,n,Mr.,Mr.,2,10
933,digit,D,Mr.,Mr.,3,20
934,SOTON/OQ,n,Mr.,Mr.,2,15
935,digit,n,Mrs.,Mrs.,4,14
936,digit,D,Mrs.,Mrs.,5,20
937,STON/O 2,n,Mr.,Mr.,3,24
938,PC,o,Mr.,Mr.,3,17
939,digit,n,Mr.,Mr.,2,18
940,digit,D,Mrs.,Mrs.,4,21
941,CA,n,Mrs.,Mrs.,3,14
942,digit,C,Mr.,Mr.,3,17
943,SC/PARIS,n,Mr.,Mr.,2,12
944,digit,n,Miss.,Miss.,3,20
945,digit,C,Miss.,Miss.,3,17
946,other,n,Mr.,Mr.,3,26
947,digit,n,Master.,Master.,2,10
948,digit,n,Mr.,Mr.,2,9
949,digit,o,Mr.,Mr.,3,22
950,digit,n,Mr.,Mr.,3,18
951,PC,B,Miss.,Miss.,2,19
952,digit,n,Mr.,Mr.,2,9
953,digit,n,Mr.,Mr.,3,18
954,digit,n,Mr.,Mr.,3,21
955,digit,n,Miss.,Miss.,3,19
956,PC,B,Master.,Master.,3,16
957,FCC,n,Mrs.,Mrs.,4,11
958,digit,n,Miss.,Miss.,3,14
959,digit,n,Mr.,Mr.,3,23
960,digit,C,Mr.,Mr.,4,23
961,digit,C,Mrs.,Mrs.,3,11
962,digit,n,Miss.,Miss.,3,16
963,digit,n,Mr.,Mr.,2,12
964,digit,n,Miss.,Miss.,3,21
965,PC,D,Mr.,Mr.,4,23
966,digit,C,Miss.,Miss.,2,12
967,digit,C,Mr.,Mr.,2,12
968,digit,n,Mr.,Mr.,2,10
969,digit,C,Mrs.,Mrs.,4,21
970,digit,n,Mr.,Mr.,3,23
971,digit,n,Miss.,Miss.,2,14
972,digit,n,Master.,Master.,2,10
973,PC,C,Mr.,Mr.,2,12
974,digit,n,Mr.,Mr.,3,15
975,digit,n,Mr.,Mr.,2,14
976,digit,n,Mr.,Mr.,3,14
977,digit,n,Mr.,Mr.,2,12
978,digit,n,Miss.,Miss.,2,10
979,A/4,n,Miss.,Miss.,3,17
980,digit,n,Miss.,Ms.,2,17
981,digit,n,Master.,Master.,3,16
982,digit,n,Mrs.,Mrs.,4,17
983,digit,n,Mr.,Mr.,2,12
984,other,B,Mrs.,Mrs.,3,16
985,digit,n,Mr.,Mr.,2,11
986,digit,n,Mr.,Mr.,2,13
987,digit,n,Mr.,Mr.,3,19
988,digit,C,Mrs.,Mrs.,4,22
989,STON/O 2,n,Mr.,Mr.,3,18
990,digit,n,Miss.,Miss.,4,18
991,A/5,n,Mr.,Mr.,3,21
992,digit,C,Mrs.,Mrs.,5,23
993,digit,n,Mr.,Mr.,2,12
994,digit,n,Mr.,Mr.,2,12
995,digit,n,Mr.,Mr.,4,30
996,digit,n,Mrs.,Mrs.,3,16
997,C,n,Mr.,Mr.,3,18
998,digit,n,Mr.,Mr.,2,13
999,digit,n,Mr.,Mr.,2,10
1000,digit,n,Mr.,Mr.,3,12
1001,digit,o,Mr.,Mr.,2,11
1002,digit,n,Mr.,Mr.,3,17
1003,digit,n,Miss.,Miss.,3,17
1004,PC,o,Miss.,Miss.,3,15
1005,digit,n,Miss.,Miss.,2,16
1006,PC,C,Mrs.,Mrs.,3,12
1007,digit,n,Mr.,Mr.,2,21
1008,digit,n,Mr.,Mr.,2,10
1009,other,o,Miss.,Miss.,3,22
1010,digit,C,Mr.,Mr.,2,14
1011,other,n,Mrs.,Mrs.,4,16
1012,CA,n,Miss.,Miss.,3,11
1013,digit,n,Mr.,Mr.,2,11
1014,digit,C,Mrs.,Mrs.,3,12
1015,digit,n,Mr.,Mr.,3,16
1016,digit,n,Mr.,Mr.,2,11
1017,digit,n,Miss.,Miss.,3,15
1018,digit,n,Mr.,Mr.,3,17
1019,digit,n,Miss.,Miss.,2,11
1020,digit,n,Mr.,Mr.,2,14
1021,digit,n,Mr.,Mr.,2,14
1022,other,n,Mr.,Mr.,3,16
1023,digit,C,Military,Col.,3,17
1024,digit,n,Mrs.,Mrs.,3,12
1025,digit,n,Mr.,Mr.,3,14
1026,digit,n,Mr.,Mr.,2,16
1027,digit,n,Mr.,Mr.,3,18
1028,digit,n,Mr.,Mr.,2,19
1029,digit,n,Mr.,Mr.,2,13
1030,SOTON/OQ,n,Miss.,Miss.,2,13
1031,CA,n,Mr.,Mr.,3,23
1032,CA,n,Miss.,Miss.,3,18
1033,digit,n,Miss.,Miss.,2,12
1034,PC,B,Mr.,Mr.,3,19
1035,digit,n,Mr.,Mr.,3,19
1036,digit,n,Mr.,Mr.,4,25
1037,digit,n,Mr.,Mr.,3,18
1038,digit,E,Mr.,Mr.,3,20
1039,other,n,Mr.,Mr.,2,10
1040,digit,n,Mr.,Mr.,3,18
1041,digit,n,Rev.,Rev.,2,15
1042,digit,C,Mrs.,Mrs.,3,15
1043,digit,n,Mr.,Mr.,2,14
1044,digit,n,Mr.,Mr.,2,12
1045,digit,n,Mrs.,Mrs.,2,6
1046,digit,n,Master.,Master.,3,17
1047,SO/PP,n,Mr.,Mr.,2,14
1048,PC,C,Miss.,Miss.,2,9
1049,digit,n,Miss.,Miss.,3,15
1050,digit,D,Mr.,Mr.,3,17
1051,SOTON/OQ,n,Mrs.,Mrs.,3,15
1052,digit,n,Miss.,Miss.,2,10
1053,digit,n,Master.,Master.,3,19
1054,digit,n,Miss.,Miss.,2,12
1055,digit,n,Mr.,Mr.,2,12
1056,digit,n,Rev.,Rev.,3,21
1057,digit,n,Mrs.,Mrs.,3,18
1058,PC,B,Mr.,Mr.,2,12
1059,W/C,n,Mr.,Mr.,3,16
1060,digit,n,Mrs.,Mrs.,5,22
1061,digit,n,Miss.,Miss.,3,19
1062,SO/PP,n,Mr.,Mr.,2,12
1063,digit,n,Mr.,Mr.,2,13
1064,digit,n,Mr.,Mr.,3,17
1065,digit,n,Mr.,Mr.,2,10
1066,digit,n,Mr.,Mr.,5,33
1067,digit,n,Miss.,Miss.,3,16
1068,CA,n,Miss.,Miss.,2,12
1069,digit,C,Mr.,Mr.,4,23
1070,digit,o,Mrs.,Mrs.,4,17
1071,PC,E,Mrs.,Mrs.,4,22
1072,digit,n,Mr.,Mr.,3,18
1073,PC,E,Mr.,Mr.,4,24
1074,digit,D,Mrs.,Mrs.,4,18
1075,digit,n,Mr.,Mr.,2,11
1076,PC,B,Mrs.,Mrs.,4,23
1077,digit,n,Mr.,Mr.,3,18
1078,SO/PP,n,Miss.,Miss.,4,26
1079,A/4,n,Mr.,Mr.,2,12
1080,CA,n,Miss.,Miss.,2,7
1081,digit,n,Mr.,Mr.,2,9
1082,digit,n,Mr.,Mr.,3,13
1083,digit,n,Mr.,Mr.,3,15
1084,A/5,n,Master.,Master.,4,21
1085,digit,n,Mr.,Mr.,2,11
1086,digit,n,Master.,Master.,3,18
1087,digit,n,Mr.,Mr.,4,25
1088,digit,E,Master.,Master.,3,20
1089,digit,n,Miss.,Miss.,3,18
1090,CA,n,Mr.,Mr.,3,23
1091,digit,n,Mrs.,Mrs.,2,9
1092,digit,n,Miss.,Miss.,2,10
1093,digit,n,Master.,Master.,4,27
1094,PC,C,Military,Col.,3,14
1095,digit,n,Miss.,Miss.,3,17
1096,CA,n,Mr.,Mr.,3,17
1097,other,n,Mr.,Mr.,3,18
1098,digit,n,Miss.,Miss.,2,16
1099,digit,n,Mr.,Mr.,4,20
1100,PC,o,Miss.,Miss.,3,20
1101,digit,n,Mr.,Mr.,2,12
1102,C,n,Mr.,Mr.,3,20
1103,SOTON/OQ,n,Mr.,Mr.,2,11
1104,SOC,n,Mr.,Mr.,3,18
1105,digit,n,Mrs.,Mrs.,3,14
1106,digit,n,Miss.,Miss.,4,28
1107,digit,B,Mr.,Mr.,2,15
1108,digit,n,Miss.,Miss.,3,17
1109,digit,n,Mr.,Mr.,3,17
1110,digit,C,Mrs.,Mrs.,4,19
1111,digit,n,Mr.,Mr.,3,24
1112,SC/PARIS,n,Miss.,Miss.,4,20
1113,digit,n,Mr.,Mr.,3,15
1114,W/C,o,Mrs.,Mrs.,2,4
1115,digit,n,Mr.,Mr.,3,22
1116,PC,n,Mrs.,Mrs.,3,12
1117,digit,n,Mrs.,Mrs.,3,15
1118,digit,n,Mr.,Mr.,3,19
1119,digit,n,Miss.,Miss.,2,14
1120,CA,n,Mr.,Mr.,3,18
1121,digit,n,Mr.,Mr.,4,26
1122,digit,n,Mr.,Mr.,3,20
1123,digit,n,Miss.,Miss.,2,16
1124,digit,n,Mr.,Mr.,3,16
1125,digit,n,Mr.,Mr.,2,14
1126,PC,C,Mr.,Mr.,3,18
1127,digit,n,Mr.,Mr.,3,15
1128,digit,D,Mr.,Mr.,3,17
1129,digit,n,Mr.,Mr.,2,13
1130,digit,n,Miss.,Miss.,2,13
1131,PC,C,Mrs.,Mrs.,4,19
1132,digit,n,Mrs.,Mrs.,4,18
1133,digit,n,Mrs.,Mrs.,2,7
1134,digit,E,Mr.,Mr.,3,21
1135,digit,n,Mr.,Mr.,2,12
1136,W/C,n,Master.,Master.,4,29
1137,digit,D,Mr.,Mr.,3,16
1138,FCC,n,Mrs.,Mrs.,4,12
1139,digit,n,Mr.,Mr.,3,15
1140,digit,n,Mrs.,Mrs.,3,11
1141,digit,n,Mrs.,Mrs.,3,13
1142,CA,n,Miss.,Miss.,3,12
1143,other,n,Mr.,Mr.,4,32
1144,digit,C,Mr.,Mr.,3,17
1145,digit,n,Mr.,Mr.,3,17
1146,digit,n,Mr.,Mr.,2,13
1147,CA,n,Mr.,Mr.,3,19
1148,other,n,Mr.,Mr.,2,9
1149,digit,n,Mr.,Mr.,2,15
1150,digit,n,Miss.,Miss.,3,14
1151,digit,n,Mr.,Mr.,3,17
1152,digit,n,Mr.,Mr.,4,28
1153,digit,n,Mr.,Mr.,3,22
1154,digit,n,Mrs.,Mrs.,4,17
1155,digit,n,Miss.,Miss.,3,19
1156,CA,n,Mr.,Mr.,4,30
1157,digit,n,Mr.,Mr.,2,15
1158,digit,n,Mr.,Mr.,4,29
1159,CA,n,Mr.,Mr.,3,20
1160,other,n,Miss.,Miss.,3,18
1161,digit,n,Mr.,Mr.,2,11
1162,digit,C,Mr.,Mr.,3,21
1163,digit,n,Mr.,Mr.,2,10
1164,digit,C,Mrs.,Mrs.,4,17
1165,digit,n,Miss.,Miss.,2,10
1166,digit,n,Mr.,Mr.,3,14
1167,digit,n,Miss.,Miss.,5,24
1168,other,n,Mr.,Mr.,3,21
1169,digit,n,Mr.,Mr.,2,15
1170,CA,n,Mr.,Mr.,3,13
1171,W/C,n,Mr.,Mr.,3,18
1172,digit,n,Miss.,Miss.,2,14
1173,SOTON/OQ,n,Master.,Master.,3,19
1174,digit,n,Miss.,Miss.,2,13
1175,digit,n,Miss.,Miss.,3,17
1176,digit,n,Miss.,Miss.,3,18
1177,A/5,n,Mr.,Mr.,2,13
1178,SOTON/OQ,n,Mr.,Mr.,3,15
1179,digit,B,Mr.,Mr.,3,19
1180,digit,o,Mr.,Mr.,2,17
1181,A/5,n,Mr.,Mr.,2,10
1182,PC,n,Mr.,Mr.,4,27
1183,digit,n,Miss.,Miss.,4,28
1184,digit,n,Mr.,Mr.,2,11
1185,digit,o,Dr.,Dr.,2,15
1186,digit,n,Mr.,Mr.,2,19
1187,digit,n,Mr.,Mr.,2,14
1188,other,n,Miss.,Miss.,2,13
1189,digit,n,Mr.,Mr.,2,11
1190,digit,n,Mr.,Mr.,3,19
1191,digit,n,Mr.,Mr.,2,13
1192,digit,n,Mr.,Mr.,3,18
1193,digit,D,Mr.,Mr.,2,13
1194,SO/PP,n,Mr.,Mr.,3,20
1195,digit,n,Mr.,Mr.,2,11
1196,digit,n,Miss.,Miss.,3,24
1197,digit,B,Mrs.,Mrs.,4,19
1198,digit,C,Mr.,Mr.,4,28
1199,digit,n,Master.,Master.,3,14
1200,digit,B,Mr.,Mr.,3,19
1201,digit,n,Mrs.,Mrs.,4,16
1202,digit,n,Mr.,Mr.,3,13
1203,digit,n,Mr.,Mr.,2,14
1204,other,n,Mr.,Mr.,2,13
1205,digit,n,Miss.,Miss.,2,11
1206,PC,C,Mrs.,Mrs.,4,15
1207,other,n,Miss.,Miss.,2,12
1208,PC,B,Mr.,Mr.,3,22
1209,digit,n,Mr.,Mr.,3,19
1210,digit,n,Mr.,Mr.,3,18
1211,CA,n,Mr.,Mr.,3,21
1212,digit,n,Mr.,Mr.,3,20
1213,digit,o,Mr.,Mr.,2,15
1214,digit,o,Mr.,Mr.,2,12
1215,digit,n,Mr.,Mr.,3,11
1216,digit,n,Miss.,Miss.,2,14
1217,SOTON/OQ,n,Mr.,Mr.,2,8
1218,digit,o,Miss.,Miss.,3,19
1219,PC,n,Mr.,Mr.,3,17
1220,digit,n,Mr.,Mr.,3,22
1221,digit,n,Mr.,Mr.,2,13
1222,CA,n,Mrs.,Mrs.,5,16
1223,PC,o,Mr.,Mr.,3,21
1224,digit,n,Mr.,Mr.,2,13
1225,digit,n,Mrs.,Mrs.,3,10
1226,digit,n,Mr.,Mr.,2,7
1227,digit,C,Mr.,Mr.,3,17
1228,digit,n,Mr.,Mr.,4,18
1229,digit,n,Mr.,Mr.,2,11
1230,CA,n,Mr.,Mr.,2,14
1231,digit,n,Master.,Master.,2,11
1232,CA,n,Mr.,Mr.,3,22
1233,digit,n,Mr.,Mr.,3,19
1234,CA,n,Mr.,Mr.,3,14
1235,PC,B,Mrs.,Mrs.,5,29
1236,A/5,n,Master.,Master.,4,23
1237,digit,n,Miss.,Miss.,3,18
1238,digit,n,Mr.,Mr.,3,19
1239,digit,n,Mrs.,Mrs.,4,18
1240,digit,n,Mr.,Mr.,2,10
1241,FCC,n,Miss.,Miss.,2,14
1242,PC,D,Mrs.,Mrs.,4,18
1243,FCC,n,Mr.,Mr.,3,18
1244,SOC,n,Mr.,Mr.,2,13
1245,digit,n,Mr.,Mr.,2,12
1246,CA,n,Miss.,Miss.,4,29
1247,digit,E,Mr.,Mr.,3,17
1248,digit,C,Mrs.,Mrs.,4,15
1249,digit,n,Mr.,Mr.,2,13
1250,digit,n,Mr.,Mr.,2,14
1251,digit,n,Mrs.,Mrs.,4,22
1252,CA,n,Master.,Master.,3,16
1253,SC/PARIS,n,Mrs.,Mrs.,3,12
1254,CA,n,Mrs.,Mrs.,4,13
1255,digit,n,Mr.,Mr.,2,11
1256,digit,E,Mrs.,Mrs.,4,20
1257,CA,n,Mrs.,Mrs.,3,8
1258,digit,n,Mr.,Mr.,2,11
1259,digit,n,Miss.,Miss.,4,34
1260,digit,n,Mrs.,Mrs.,3,13
1261,SC/PARIS,n,Mr.,Mr.,4,21
1262,digit,n,Mr.,Mr.,2,10
1263,digit,E,Miss.,Miss.,3,16
1264,digit,B,Mr.,Mr.,3,16
1265,digit,n,Mr.,Mr.,3,15
1266,digit,o,Mrs.,Mrs.,3,15
1267,PC,n,Miss.,Miss.,3,15
1268,digit,n,Miss.,Miss.,2,9
1269,digit,n,Mr.,Mr.,3,21
1270,digit,C,Mr.,Mr.,3,20
1271,digit,n,Master.,Master.,3,16
1272,digit,n,Mr.,Mr.,2,15
1273,digit,n,Mr.,Mr.,2,11
1274,digit,n,Mrs.,Mrs.,3,12
1275,digit,n,Mrs.,Mrs.,3,11
1276,SC/PARIS,n,Mr.,Mr.,3,23
1277,digit,n,Miss.,Miss.,2,10
1278,digit,n,Mr.,Mr.,4,22
1279,digit,n,Mr.,Mr.,2,9
1280,digit,n,Mr.,Mr.,2,14
1281,digit,n,Master.,Master.,3,16
1282,digit,B,Mr.,Mr.,3,19
1283,PC,D,Mrs.,Mrs.,4,12
1284,CA,n,Master.,Master.,3,18
1285,CA,n,Mr.,Mr.,2,14
1286,digit,n,Mr.,Mr.,2,18
1287,digit,C,Mrs.,Mrs.,4,17
1288,digit,n,Mr.,Mr.,2,14
1289,digit,B,Mrs.,Mrs.,3,26
1290,digit,n,Mr.,Mr.,3,23
1291,digit,n,Mr.,Mr.,3,17
1292,digit,C,Miss.,Miss.,2,15
1293,digit,n,Mr.,Mr.,2,9
1294,digit,n,Miss.,Miss.,3,21
1295,digit,n,Mr.,Mr.,3,15
1296,digit,D,Mr.,Mr.,3,21
1297,SC/PARIS,D,Mr.,Mr.,3,14
1298,digit,n,Mr.,Mr.,3,18
1299,digit,C,Mr.,Mr.,3,19
1300,digit,n,Miss.,Miss.,3,22
1301,SOTON/OQ,n,Miss.,Miss.,2,17
1302,digit,n,Miss.,Miss.,2,14
1303,digit,C,Mrs.,Mrs.,4,20
1304,digit,n,Miss.,Miss.,3,21
1305,other,n,Mr.,Mr.,2,12
1306,PC,C,Nobility,Dona.,4,18
1307,SOTON/OQ,n,Mr.,Mr.,3,21
1308,digit,n,Mr.,Mr.,2,13
1309,digit,n,Master.,Master.,3,13
